{
  "type": "FeatureCollection",
  "properties": {
    "version": 3,
    "track_id": "PRNQW5VVYW5Z",
    "segment": "s002",
    "opened_at": "2026-07-25T07:35:59.487674Z",
    "closed_at": null,
    "anchor": {
      "known": true,
      "boot_id": "26",
      "mono_anchor_ms": 838534060,
      "wall_anchor_ms": 1784964915842,
      "anchored_at_t": 1784964915,
      "uncertain": false
    },
    "stats": {
      "distance_nm": 4.89,
      "point_count": 1671,
      "t_start": 1784964917,
      "t_stop": 1784968503
    }
  },
  "features": [
    {
      "type": "Feature",
      "geometry": {
        "type": "LineString",
        "coordinates": [
          [
            16.240904299999997,
            68.9591777
          ],
          [
            16.2408612,
            68.9591809
          ],
          [
            16.2408372,
            68.9591792
          ],
          [
            16.2410469,
            68.9590923
          ],
          [
            16.240999,
            68.959163
          ],
          [
            16.2410037,
            68.9591513
          ],
          [
            16.2410085,
            68.9591444
          ],
          [
            16.2415516,
            68.9589052
          ],
          [
            16.2410162,
            68.9591384
          ],
          [
            16.2413183,
            68.9589562
          ],
          [
            16.2414093,
            68.9589245
          ],
          [
            16.241463,
            68.9589143
          ],
          [
            16.2415238,
            68.9588955
          ],
          [
            16.2413428,
            68.9590807
          ],
          [
            16.2415627,
            68.9588869
          ],
          [
            16.2415635,
            68.9588871
          ],
          [
            16.2415649,
            68.9588869
          ],
          [
            16.2416215,
            68.958913
          ],
          [
            16.2415664,
            68.9589202
          ],
          [
            16.2415255,
            68.9589346
          ],
          [
            16.241499,
            68.9589354
          ],
          [
            16.2415049,
            68.9589364
          ],
          [
            16.2415081,
            68.9589375
          ],
          [
            16.2414836,
            68.9589486
          ],
          [
            16.2414724,
            68.9589679
          ],
          [
            16.2414844,
            68.9589754
          ],
          [
            16.2414929,
            68.9589759
          ],
          [
            16.2415143,
            68.9589883
          ],
          [
            16.2415253,
            68.9589936
          ],
          [
            16.2415391,
            68.9589949
          ],
          [
            16.2415499,
            68.9589957
          ],
          [
            16.2412197,
            68.9591645
          ],
          [
            16.2411832,
            68.959176
          ],
          [
            16.2411502,
            68.959186
          ],
          [
            16.2411081,
            68.9591951
          ],
          [
            16.2410567,
            68.9592004
          ],
          [
            16.2410133,
            68.9592064
          ],
          [
            16.2409303,
            68.9592065
          ],
          [
            16.2408615,
            68.9592078
          ],
          [
            16.2407919,
            68.9592084
          ],
          [
            16.2407193,
            68.9592076
          ],
          [
            16.2406523,
            68.9592041
          ],
          [
            16.2405954,
            68.9591988
          ],
          [
            16.2405296,
            68.9591943
          ],
          [
            16.2404774,
            68.9591885
          ],
          [
            16.2404278,
            68.9591806
          ],
          [
            16.2403818,
            68.9591687
          ],
          [
            16.2403483,
            68.9591507
          ],
          [
            16.2403095,
            68.9591363
          ],
          [
            16.2402729,
            68.9591227
          ],
          [
            16.2402496,
            68.9591012
          ],
          [
            16.240224,
            68.9590821
          ],
          [
            16.2402034,
            68.9590637
          ],
          [
            16.2401876,
            68.959046
          ],
          [
            16.240171,
            68.9590282
          ],
          [
            16.2401413,
            68.9590111
          ],
          [
            16.2401157,
            68.9589932
          ],
          [
            16.2401073,
            68.9589736
          ],
          [
            16.240087,
            68.9589483
          ],
          [
            16.2400456,
            68.9589135
          ],
          [
            16.240043,
            68.9588802
          ],
          [
            16.2400564,
            68.9588458
          ],
          [
            16.2401026,
            68.9588162
          ],
          [
            16.2401803,
            68.9587975
          ],
          [
            16.2402632,
            68.9587886
          ],
          [
            16.2403405,
            68.9587857
          ],
          [
            16.2404095,
            68.9587888
          ],
          [
            16.2404734,
            68.9587944
          ],
          [
            16.2405404,
            68.9587996
          ],
          [
            16.2405871,
            68.9588127
          ],
          [
            16.2406636,
            68.9588188
          ],
          [
            16.2407107,
            68.9588291
          ],
          [
            16.2407549,
            68.9588374
          ],
          [
            16.2407996,
            68.958847
          ],
          [
            16.240837,
            68.9588606
          ],
          [
            16.2408585,
            68.9588721
          ],
          [
            16.2409175,
            68.9588988
          ],
          [
            16.2409789,
            68.9589202
          ],
          [
            16.2410785,
            68.9589382
          ],
          [
            16.2411544,
            68.9589731
          ],
          [
            16.2411959,
            68.9590061
          ],
          [
            16.2412055,
            68.9590445
          ],
          [
            16.2411944,
            68.9590818
          ],
          [
            16.2411565,
            68.95912
          ],
          [
            16.2410968,
            68.9591531
          ],
          [
            16.2410179,
            68.9591804
          ],
          [
            16.240922,
            68.9592006
          ],
          [
            16.2408183,
            68.9592142
          ],
          [
            16.2407202,
            68.9592257
          ],
          [
            16.2405935,
            68.95923
          ],
          [
            16.2404945,
            68.959241
          ],
          [
            16.2403951,
            68.9592523
          ],
          [
            16.2403039,
            68.9592636
          ],
          [
            16.2401923,
            68.9592585
          ],
          [
            16.240093,
            68.9592603
          ],
          [
            16.2400011,
            68.9592555
          ],
          [
            16.2399083,
            68.9592461
          ],
          [
            16.2398229,
            68.9592402
          ],
          [
            16.2397361,
            68.9592349
          ],
          [
            16.2396508,
            68.9592335
          ],
          [
            16.2395746,
            68.9592302
          ],
          [
            16.2395014,
            68.9592178
          ],
          [
            16.2394638,
            68.959212
          ],
          [
            16.2393646,
            68.9591996
          ],
          [
            16.2392499,
            68.9592094
          ],
          [
            16.2391659,
            68.9592144
          ],
          [
            16.2390756,
            68.9592102
          ],
          [
            16.2390023,
            68.9592063
          ],
          [
            16.2389561,
            68.9592002
          ],
          [
            16.238892,
            68.9591846
          ],
          [
            16.2388178,
            68.9591716
          ],
          [
            16.2387547,
            68.9591589
          ],
          [
            16.2386988,
            68.9591408
          ],
          [
            16.2386324,
            68.9591227
          ],
          [
            16.2386223,
            68.9591159
          ],
          [
            16.2385095,
            68.9590835
          ],
          [
            16.2384412,
            68.9590716
          ],
          [
            16.238369,
            68.959056
          ],
          [
            16.2382945,
            68.9590481
          ],
          [
            16.2382242,
            68.9590258
          ],
          [
            16.2381616,
            68.9589984
          ],
          [
            16.2381078,
            68.9589755
          ],
          [
            16.2380246,
            68.9589593
          ],
          [
            16.237954,
            68.9589432
          ],
          [
            16.2378773,
            68.9589268
          ],
          [
            16.2377942,
            68.9589101
          ],
          [
            16.2377099,
            68.9588914
          ],
          [
            16.2376352,
            68.958872
          ],
          [
            16.2375464,
            68.9588524
          ],
          [
            16.2374493,
            68.9588437
          ],
          [
            16.2373477,
            68.9588364
          ],
          [
            16.2372467,
            68.958828
          ],
          [
            16.2371409,
            68.9588141
          ],
          [
            16.2370356,
            68.9588007
          ],
          [
            16.2369309,
            68.9587873
          ],
          [
            16.2368306,
            68.9587735
          ],
          [
            16.236747,
            68.958756
          ],
          [
            16.2366277,
            68.9587474
          ],
          [
            16.2365138,
            68.9587465
          ],
          [
            16.2364064,
            68.9587459
          ],
          [
            16.2362974,
            68.9587416
          ],
          [
            16.2361895,
            68.9587329
          ],
          [
            16.23608,
            68.9587248
          ],
          [
            16.2359695,
            68.958716
          ],
          [
            16.2358593,
            68.9587071
          ],
          [
            16.235748,
            68.9587005
          ],
          [
            16.2356374,
            68.9586974
          ],
          [
            16.2355274,
            68.9586936
          ],
          [
            16.2354156,
            68.9586872
          ],
          [
            16.2353035,
            68.9586858
          ],
          [
            16.2351928,
            68.9586897
          ],
          [
            16.2350784,
            68.9586867
          ],
          [
            16.2349621,
            68.9586815
          ],
          [
            16.2348481,
            68.9586794
          ],
          [
            16.2347388,
            68.9586753
          ],
          [
            16.2346262,
            68.9586683
          ],
          [
            16.2345165,
            68.9586637
          ],
          [
            16.2343979,
            68.9586626
          ],
          [
            16.2342828,
            68.9586645
          ],
          [
            16.2341719,
            68.9586617
          ],
          [
            16.2340607,
            68.9586584
          ],
          [
            16.233941,
            68.9586566
          ],
          [
            16.2338217,
            68.9586575
          ],
          [
            16.233704,
            68.9586597
          ],
          [
            16.2335863,
            68.9586635
          ],
          [
            16.23346,
            68.9586648
          ],
          [
            16.2333359,
            68.9586662
          ],
          [
            16.233213,
            68.9586688
          ],
          [
            16.2330833,
            68.9586737
          ],
          [
            16.2329551,
            68.9586823
          ],
          [
            16.2328245,
            68.9586868
          ],
          [
            16.2326937,
            68.9586959
          ],
          [
            16.2325641,
            68.9587052
          ],
          [
            16.2324279,
            68.9587092
          ],
          [
            16.2322936,
            68.958717
          ],
          [
            16.2321627,
            68.9587287
          ],
          [
            16.2320332,
            68.9587413
          ],
          [
            16.2319042,
            68.9587525
          ],
          [
            16.231775,
            68.9587632
          ],
          [
            16.2316507,
            68.958777
          ],
          [
            16.2315291,
            68.9587952
          ],
          [
            16.2313986,
            68.9588076
          ],
          [
            16.2312741,
            68.9588281
          ],
          [
            16.2311553,
            68.9588509
          ],
          [
            16.2310372,
            68.9588741
          ],
          [
            16.2309227,
            68.9589001
          ],
          [
            16.2308136,
            68.9589307
          ],
          [
            16.2307024,
            68.9589597
          ],
          [
            16.2305974,
            68.9589929
          ],
          [
            16.2305031,
            68.9590279
          ],
          [
            16.2304052,
            68.959064
          ],
          [
            16.2303132,
            68.9591013
          ],
          [
            16.2302233,
            68.9591394
          ],
          [
            16.2301353,
            68.9591783
          ],
          [
            16.2300464,
            68.9592159
          ],
          [
            16.2299605,
            68.9592566
          ],
          [
            16.2298725,
            68.9592962
          ],
          [
            16.2297763,
            68.9593334
          ],
          [
            16.2296858,
            68.9593721
          ],
          [
            16.2296019,
            68.9594128
          ],
          [
            16.2295158,
            68.9594516
          ],
          [
            16.2294299,
            68.9594914
          ],
          [
            16.2293462,
            68.9595328
          ],
          [
            16.2292653,
            68.9595739
          ],
          [
            16.2291743,
            68.9596119
          ],
          [
            16.2290941,
            68.9596537
          ],
          [
            16.2290106,
            68.9596945
          ],
          [
            16.2289385,
            68.9597368
          ],
          [
            16.228851,
            68.9597759
          ],
          [
            16.2287461,
            68.9597985
          ],
          [
            16.2286648,
            68.9598464
          ],
          [
            16.2286124,
            68.9598933
          ],
          [
            16.2285296,
            68.9599362
          ],
          [
            16.2284457,
            68.959978
          ],
          [
            16.2283686,
            68.9600208
          ],
          [
            16.2282584,
            68.9600533
          ],
          [
            16.2281527,
            68.9600917
          ],
          [
            16.2280675,
            68.9601271
          ],
          [
            16.2279794,
            68.9601738
          ],
          [
            16.2279023,
            68.9602152
          ],
          [
            16.2278234,
            68.9602565
          ],
          [
            16.2277385,
            68.9602957
          ],
          [
            16.2276495,
            68.960335
          ],
          [
            16.2275666,
            68.9603758
          ],
          [
            16.2274827,
            68.9604166
          ],
          [
            16.2273996,
            68.9604573
          ],
          [
            16.227316,
            68.9604993
          ],
          [
            16.227239,
            68.9605425
          ],
          [
            16.2271432,
            68.9605781
          ],
          [
            16.2270669,
            68.9606236
          ],
          [
            16.226994,
            68.9606676
          ],
          [
            16.2269131,
            68.9607098
          ],
          [
            16.2268373,
            68.9607534
          ],
          [
            16.2267548,
            68.9607944
          ],
          [
            16.2266602,
            68.9608362
          ],
          [
            16.2265506,
            68.9608672
          ],
          [
            16.2264336,
            68.9608985
          ],
          [
            16.2263301,
            68.9609331
          ],
          [
            16.2262274,
            68.9609648
          ],
          [
            16.2261031,
            68.9609915
          ],
          [
            16.2259941,
            68.9610241
          ],
          [
            16.2258842,
            68.9610563
          ],
          [
            16.2257761,
            68.9610872
          ],
          [
            16.2256596,
            68.9611159
          ],
          [
            16.2255338,
            68.9611399
          ],
          [
            16.2254057,
            68.9611556
          ],
          [
            16.2252738,
            68.9611785
          ],
          [
            16.2251467,
            68.9611936
          ],
          [
            16.2250126,
            68.9612028
          ],
          [
            16.2248779,
            68.9612107
          ],
          [
            16.2247465,
            68.9612199
          ],
          [
            16.2246108,
            68.9612323
          ],
          [
            16.2244779,
            68.9612461
          ],
          [
            16.2243465,
            68.961262
          ],
          [
            16.2242149,
            68.9612744
          ],
          [
            16.2240821,
            68.9612863
          ],
          [
            16.2239484,
            68.9612979
          ],
          [
            16.2238165,
            68.9613097
          ],
          [
            16.2236848,
            68.9613219
          ],
          [
            16.2235549,
            68.9613353
          ],
          [
            16.2234214,
            68.9613498
          ],
          [
            16.2232889,
            68.9613619
          ],
          [
            16.223156,
            68.9613749
          ],
          [
            16.2230209,
            68.9613857
          ],
          [
            16.2228855,
            68.9613972
          ],
          [
            16.2227531,
            68.9614092
          ],
          [
            16.2226222,
            68.9614215
          ],
          [
            16.2224875,
            68.9614325
          ],
          [
            16.2223498,
            68.9614416
          ],
          [
            16.2222163,
            68.9614514
          ],
          [
            16.2220825,
            68.9614589
          ],
          [
            16.221948,
            68.9614655
          ],
          [
            16.2218118,
            68.961474
          ],
          [
            16.2216813,
            68.9614832
          ],
          [
            16.2215463,
            68.9614912
          ],
          [
            16.221415,
            68.9614983
          ],
          [
            16.2212814,
            68.9615033
          ],
          [
            16.2211477,
            68.9615094
          ],
          [
            16.2210145,
            68.9615159
          ],
          [
            16.2208749,
            68.9615225
          ],
          [
            16.2207377,
            68.9615287
          ],
          [
            16.220604,
            68.9615337
          ],
          [
            16.220468,
            68.9615375
          ],
          [
            16.2203365,
            68.9615423
          ],
          [
            16.2202058,
            68.9615465
          ],
          [
            16.2200731,
            68.9615511
          ],
          [
            16.2199395,
            68.9615515
          ],
          [
            16.2198039,
            68.9615558
          ],
          [
            16.2196664,
            68.9615577
          ],
          [
            16.2195424,
            68.9615647
          ],
          [
            16.2194075,
            68.9615706
          ],
          [
            16.2192799,
            68.9615768
          ],
          [
            16.2191418,
            68.9615743
          ],
          [
            16.219011,
            68.9615776
          ],
          [
            16.2188804,
            68.96158
          ],
          [
            16.2187526,
            68.9615845
          ],
          [
            16.2186235,
            68.9615851
          ],
          [
            16.2184954,
            68.9615911
          ],
          [
            16.2183664,
            68.9615961
          ],
          [
            16.2182395,
            68.9616065
          ],
          [
            16.218109,
            68.9616172
          ],
          [
            16.217976,
            68.9616267
          ],
          [
            16.2178533,
            68.9616442
          ],
          [
            16.2177112,
            68.961642
          ],
          [
            16.2175795,
            68.961644
          ],
          [
            16.2174462,
            68.9616565
          ],
          [
            16.2173153,
            68.9616687
          ],
          [
            16.2171823,
            68.9616768
          ],
          [
            16.2170466,
            68.9616817
          ],
          [
            16.216914,
            68.9616844
          ],
          [
            16.2167821,
            68.9616885
          ],
          [
            16.2166476,
            68.9616929
          ],
          [
            16.2165099,
            68.9616965
          ],
          [
            16.2163768,
            68.9617008
          ],
          [
            16.2162429,
            68.9617059
          ],
          [
            16.2161082,
            68.9617076
          ],
          [
            16.2159753,
            68.9617138
          ],
          [
            16.2158424,
            68.9617163
          ],
          [
            16.2157095,
            68.9617177
          ],
          [
            16.2155802,
            68.9617209
          ],
          [
            16.215443,
            68.96172
          ],
          [
            16.2153104,
            68.9617198
          ],
          [
            16.2151782,
            68.9617197
          ],
          [
            16.2150455,
            68.9617175
          ],
          [
            16.2149118,
            68.961719
          ],
          [
            16.2147807,
            68.9617183
          ],
          [
            16.2146424,
            68.9617129
          ],
          [
            16.2145076,
            68.9617115
          ],
          [
            16.2143725,
            68.9617097
          ],
          [
            16.2142447,
            68.961708
          ],
          [
            16.2141066,
            68.9617117
          ],
          [
            16.2139722,
            68.9617107
          ],
          [
            16.2138393,
            68.9617079
          ],
          [
            16.2137125,
            68.9617069
          ],
          [
            16.2135798,
            68.9617047
          ],
          [
            16.21345,
            68.9617044
          ],
          [
            16.2133216,
            68.9617024
          ],
          [
            16.2131887,
            68.9617004
          ],
          [
            16.2130697,
            68.9616955
          ],
          [
            16.212928,
            68.961689
          ],
          [
            16.2127974,
            68.9616823
          ],
          [
            16.2126659,
            68.9616813
          ],
          [
            16.212534,
            68.9616761
          ],
          [
            16.212405,
            68.9616695
          ],
          [
            16.2122748,
            68.9616639
          ],
          [
            16.2121506,
            68.9616567
          ],
          [
            16.2120182,
            68.9616475
          ],
          [
            16.2118922,
            68.9616407
          ],
          [
            16.2117661,
            68.9616337
          ],
          [
            16.2116433,
            68.9616238
          ],
          [
            16.2115146,
            68.9616132
          ],
          [
            16.2113823,
            68.9616069
          ],
          [
            16.2112517,
            68.9615996
          ],
          [
            16.2111189,
            68.9615896
          ],
          [
            16.210989,
            68.9615797
          ],
          [
            16.210863,
            68.9615667
          ],
          [
            16.2107395,
            68.9615508
          ],
          [
            16.2106192,
            68.9615345
          ],
          [
            16.2104928,
            68.9615211
          ],
          [
            16.2103733,
            68.9615029
          ],
          [
            16.2102466,
            68.9614895
          ],
          [
            16.2101203,
            68.9614802
          ],
          [
            16.2099959,
            68.9614682
          ],
          [
            16.2098728,
            68.9614566
          ],
          [
            16.2097569,
            68.9614385
          ],
          [
            16.2096409,
            68.9614202
          ],
          [
            16.209511,
            68.9614079
          ],
          [
            16.2093885,
            68.961396
          ],
          [
            16.2092649,
            68.961383
          ],
          [
            16.2091439,
            68.9613683
          ],
          [
            16.2090304,
            68.9613507
          ],
          [
            16.2089203,
            68.961327
          ],
          [
            16.2088122,
            68.9613005
          ],
          [
            16.2087054,
            68.9612783
          ],
          [
            16.2086075,
            68.9612511
          ],
          [
            16.208513,
            68.961222
          ],
          [
            16.2084182,
            68.9611946
          ],
          [
            16.2083187,
            68.9611693
          ],
          [
            16.2082202,
            68.961143
          ],
          [
            16.208126,
            68.9611171
          ],
          [
            16.2080397,
            68.9610875
          ],
          [
            16.2079415,
            68.9610612
          ],
          [
            16.2078471,
            68.9610451
          ],
          [
            16.2077568,
            68.9610139
          ],
          [
            16.2076588,
            68.9609878
          ],
          [
            16.2075512,
            68.9609672
          ],
          [
            16.2074393,
            68.9609488
          ],
          [
            16.2073223,
            68.9609321
          ],
          [
            16.2072015,
            68.9609199
          ],
          [
            16.2070843,
            68.9609056
          ],
          [
            16.2069638,
            68.960892
          ],
          [
            16.2068395,
            68.9608837
          ],
          [
            16.2067157,
            68.9608743
          ],
          [
            16.206594,
            68.9608655
          ],
          [
            16.2064731,
            68.9608514
          ],
          [
            16.2063511,
            68.9608406
          ],
          [
            16.206227,
            68.9608319
          ],
          [
            16.2061017,
            68.9608276
          ],
          [
            16.2059775,
            68.9608211
          ],
          [
            16.2058516,
            68.9608131
          ],
          [
            16.2057235,
            68.9608076
          ],
          [
            16.2055946,
            68.9608047
          ],
          [
            16.205464,
            68.9608062
          ],
          [
            16.2053348,
            68.9608062
          ],
          [
            16.2052066,
            68.9608095
          ],
          [
            16.205083,
            68.9608078
          ],
          [
            16.2049533,
            68.9608046
          ],
          [
            16.2048256,
            68.9608044
          ],
          [
            16.2047016,
            68.9608043
          ],
          [
            16.2045777,
            68.9608089
          ],
          [
            16.2044452,
            68.9608134
          ],
          [
            16.204315,
            68.960821
          ],
          [
            16.204184,
            68.9608182
          ],
          [
            16.2040548,
            68.9608187
          ],
          [
            16.2039309,
            68.9608203
          ],
          [
            16.2038042,
            68.9608286
          ],
          [
            16.2036792,
            68.9608407
          ],
          [
            16.2035564,
            68.9608539
          ],
          [
            16.203438,
            68.9608622
          ],
          [
            16.203312,
            68.9608671
          ],
          [
            16.2031868,
            68.9608803
          ],
          [
            16.2030646,
            68.9608921
          ],
          [
            16.2029464,
            68.9609064
          ],
          [
            16.2028253,
            68.9609248
          ],
          [
            16.2027061,
            68.9609396
          ],
          [
            16.2025863,
            68.9609563
          ],
          [
            16.2024785,
            68.9609761
          ],
          [
            16.2023652,
            68.960996
          ],
          [
            16.2022555,
            68.9610166
          ],
          [
            16.2021441,
            68.9610401
          ],
          [
            16.2020422,
            68.9610669
          ],
          [
            16.2019414,
            68.9610932
          ],
          [
            16.2018355,
            68.9611194
          ],
          [
            16.2017379,
            68.9611492
          ],
          [
            16.2016408,
            68.9611782
          ],
          [
            16.2015355,
            68.9612034
          ],
          [
            16.2014134,
            68.961223
          ],
          [
            16.2013006,
            68.9612428
          ],
          [
            16.2011838,
            68.9612633
          ],
          [
            16.201064,
            68.9612831
          ],
          [
            16.20094,
            68.9612951
          ],
          [
            16.2008074,
            68.9613038
          ],
          [
            16.2006807,
            68.9613132
          ],
          [
            16.2005541,
            68.9613226
          ],
          [
            16.2004315,
            68.9613357
          ],
          [
            16.200318,
            68.9613493
          ],
          [
            16.2001746,
            68.9613642
          ],
          [
            16.2000438,
            68.9613739
          ],
          [
            16.1999041,
            68.9613785
          ],
          [
            16.1997692,
            68.9613788
          ],
          [
            16.1996323,
            68.9613854
          ],
          [
            16.1994882,
            68.9613997
          ],
          [
            16.1993512,
            68.9614123
          ],
          [
            16.199222,
            68.9614268
          ],
          [
            16.1990848,
            68.9614244
          ],
          [
            16.1989432,
            68.9614343
          ],
          [
            16.1988024,
            68.9614454
          ],
          [
            16.1986618,
            68.9614559
          ],
          [
            16.1985152,
            68.9614658
          ],
          [
            16.1983649,
            68.9614749
          ],
          [
            16.1982171,
            68.9614753
          ],
          [
            16.1980708,
            68.9614765
          ],
          [
            16.1979205,
            68.9614796
          ],
          [
            16.1977696,
            68.961486
          ],
          [
            16.1976175,
            68.9614902
          ],
          [
            16.1974682,
            68.9614922
          ],
          [
            16.1973267,
            68.9614921
          ],
          [
            16.1971618,
            68.9614895
          ],
          [
            16.1970113,
            68.9614842
          ],
          [
            16.1968578,
            68.9614887
          ],
          [
            16.1967017,
            68.9614943
          ],
          [
            16.1965372,
            68.9614955
          ],
          [
            16.1963781,
            68.9614995
          ],
          [
            16.1962225,
            68.9615032
          ],
          [
            16.1960644,
            68.9615115
          ],
          [
            16.1959084,
            68.9615124
          ],
          [
            16.1957541,
            68.9615298
          ],
          [
            16.1956071,
            68.9615479
          ],
          [
            16.195456,
            68.961562
          ],
          [
            16.1953009,
            68.9615774
          ],
          [
            16.1951464,
            68.9615931
          ],
          [
            16.1949951,
            68.9616099
          ],
          [
            16.1948362,
            68.9616254
          ],
          [
            16.1946868,
            68.9616403
          ],
          [
            16.1945346,
            68.9616552
          ],
          [
            16.1943837,
            68.9616736
          ],
          [
            16.1942409,
            68.9616893
          ],
          [
            16.1940939,
            68.9617013
          ],
          [
            16.193956,
            68.9617157
          ],
          [
            16.1938216,
            68.9617289
          ],
          [
            16.1936888,
            68.9617458
          ],
          [
            16.1935574,
            68.9617651
          ],
          [
            16.1934246,
            68.9617829
          ],
          [
            16.1932949,
            68.9617998
          ],
          [
            16.1931572,
            68.9618155
          ],
          [
            16.1930256,
            68.9618306
          ],
          [
            16.1928964,
            68.9618469
          ],
          [
            16.1927694,
            68.9618616
          ],
          [
            16.1926407,
            68.9618771
          ],
          [
            16.1925113,
            68.961894
          ],
          [
            16.1923836,
            68.9619102
          ],
          [
            16.1922551,
            68.9619223
          ],
          [
            16.1921301,
            68.9619364
          ],
          [
            16.1920048,
            68.9619513
          ],
          [
            16.1918767,
            68.9619623
          ],
          [
            16.1917519,
            68.9619745
          ],
          [
            16.1916316,
            68.9619849
          ],
          [
            16.1915126,
            68.9619945
          ],
          [
            16.1913603,
            68.9620118
          ],
          [
            16.1912414,
            68.9620272
          ],
          [
            16.1911263,
            68.9620262
          ],
          [
            16.191012,
            68.9620377
          ],
          [
            16.1908786,
            68.9620342
          ],
          [
            16.190747,
            68.962037
          ],
          [
            16.1906162,
            68.9620517
          ],
          [
            16.1905048,
            68.9620672
          ],
          [
            16.190381,
            68.9620769
          ],
          [
            16.1902492,
            68.962082
          ],
          [
            16.1901162,
            68.9620853
          ],
          [
            16.189981,
            68.9620902
          ],
          [
            16.1898468,
            68.9620937
          ],
          [
            16.1897094,
            68.9620975
          ],
          [
            16.1895647,
            68.9621052
          ],
          [
            16.1894145,
            68.9621122
          ],
          [
            16.189276,
            68.962122
          ],
          [
            16.1891179,
            68.9621413
          ],
          [
            16.1889636,
            68.9621545
          ],
          [
            16.1888154,
            68.9621654
          ],
          [
            16.1886552,
            68.9621758
          ],
          [
            16.1885175,
            68.9621887
          ],
          [
            16.1883754,
            68.9622059
          ],
          [
            16.1882293,
            68.9622234
          ],
          [
            16.1880873,
            68.9622401
          ],
          [
            16.1879525,
            68.9622578
          ],
          [
            16.1878065,
            68.962271
          ],
          [
            16.1876591,
            68.962281
          ],
          [
            16.1875149,
            68.9622989
          ],
          [
            16.187371,
            68.9623171
          ],
          [
            16.1872227,
            68.9623274
          ],
          [
            16.1870764,
            68.9623402
          ],
          [
            16.1869314,
            68.9623517
          ],
          [
            16.1867913,
            68.9623658
          ],
          [
            16.1866487,
            68.9623718
          ],
          [
            16.1865188,
            68.9623935
          ],
          [
            16.1863852,
            68.9624121
          ],
          [
            16.1862495,
            68.9624273
          ],
          [
            16.1861048,
            68.9624364
          ],
          [
            16.1859674,
            68.9624493
          ],
          [
            16.1858599,
            68.9624796
          ],
          [
            16.1857478,
            68.9624917
          ],
          [
            16.1856105,
            68.9625073
          ],
          [
            16.1854736,
            68.9625128
          ],
          [
            16.18533,
            68.9625035
          ],
          [
            16.1851799,
            68.9625022
          ],
          [
            16.1850478,
            68.9625009
          ],
          [
            16.1849146,
            68.9625056
          ],
          [
            16.1847511,
            68.9625166
          ],
          [
            16.1846105,
            68.9625289
          ],
          [
            16.1844657,
            68.9625367
          ],
          [
            16.1843167,
            68.962541
          ],
          [
            16.1841683,
            68.9625458
          ],
          [
            16.1840211,
            68.9625497
          ],
          [
            16.1838799,
            68.9625574
          ],
          [
            16.1837321,
            68.962566
          ],
          [
            16.1835874,
            68.9625762
          ],
          [
            16.1834455,
            68.9625863
          ],
          [
            16.1833021,
            68.962598
          ],
          [
            16.183166,
            68.962609
          ],
          [
            16.1830662,
            68.9626122
          ],
          [
            16.1829233,
            68.9626233
          ],
          [
            16.182775,
            68.9626346
          ],
          [
            16.182625,
            68.962644
          ],
          [
            16.1824748,
            68.9626536
          ],
          [
            16.1823211,
            68.9626631
          ],
          [
            16.1821657,
            68.9626719
          ],
          [
            16.1820089,
            68.962681
          ],
          [
            16.1818528,
            68.9626892
          ],
          [
            16.1816999,
            68.9626965
          ],
          [
            16.1815483,
            68.9627031
          ],
          [
            16.1813989,
            68.9627091
          ],
          [
            16.1812513,
            68.9627157
          ],
          [
            16.1811031,
            68.9627241
          ],
          [
            16.1809559,
            68.9627328
          ],
          [
            16.1808094,
            68.9627409
          ],
          [
            16.1806648,
            68.9627498
          ],
          [
            16.1805206,
            68.9627588
          ],
          [
            16.1803778,
            68.9627673
          ],
          [
            16.1802363,
            68.9627748
          ],
          [
            16.1800952,
            68.9627838
          ],
          [
            16.1799542,
            68.9627935
          ],
          [
            16.1798125,
            68.9628033
          ],
          [
            16.1796697,
            68.962813
          ],
          [
            16.1795254,
            68.962822
          ],
          [
            16.1793815,
            68.9628312
          ],
          [
            16.1792383,
            68.9628397
          ],
          [
            16.1790966,
            68.9628478
          ],
          [
            16.1789565,
            68.9628566
          ],
          [
            16.1788172,
            68.9628654
          ],
          [
            16.178678,
            68.962874
          ],
          [
            16.1785398,
            68.962884
          ],
          [
            16.1784012,
            68.9628937
          ],
          [
            16.1782616,
            68.9629028
          ],
          [
            16.1781227,
            68.9629118
          ],
          [
            16.1779836,
            68.9629204
          ],
          [
            16.1778427,
            68.962931
          ],
          [
            16.1777046,
            68.9629403
          ],
          [
            16.1775666,
            68.9629487
          ],
          [
            16.1774272,
            68.9629584
          ],
          [
            16.177287,
            68.9629687
          ],
          [
            16.177145,
            68.962978
          ],
          [
            16.1770023,
            68.9629864
          ],
          [
            16.1768602,
            68.9629961
          ],
          [
            16.1767165,
            68.9630053
          ],
          [
            16.1765733,
            68.9630147
          ],
          [
            16.1764303,
            68.9630241
          ],
          [
            16.1762873,
            68.9630325
          ],
          [
            16.1761454,
            68.9630411
          ],
          [
            16.1760035,
            68.9630489
          ],
          [
            16.1758613,
            68.9630581
          ],
          [
            16.1757187,
            68.9630662
          ],
          [
            16.1755781,
            68.9630755
          ],
          [
            16.1754369,
            68.9630858
          ],
          [
            16.1752954,
            68.9630953
          ],
          [
            16.1751547,
            68.9631049
          ],
          [
            16.1750141,
            68.9631154
          ],
          [
            16.1748741,
            68.9631261
          ],
          [
            16.1747337,
            68.9631358
          ],
          [
            16.174593,
            68.9631461
          ],
          [
            16.1744519,
            68.9631572
          ],
          [
            16.1743097,
            68.963167
          ],
          [
            16.1741676,
            68.9631779
          ],
          [
            16.1740252,
            68.9631872
          ],
          [
            16.1738819,
            68.9631969
          ],
          [
            16.1737393,
            68.9632062
          ],
          [
            16.1735966,
            68.963215
          ],
          [
            16.1734523,
            68.9632254
          ],
          [
            16.1733091,
            68.963235
          ],
          [
            16.1731677,
            68.9632443
          ],
          [
            16.1730245,
            68.9632526
          ],
          [
            16.1728812,
            68.9632615
          ],
          [
            16.1727385,
            68.9632712
          ],
          [
            16.1725956,
            68.9632802
          ],
          [
            16.1724534,
            68.963289
          ],
          [
            16.1723123,
            68.9632975
          ],
          [
            16.1721712,
            68.9633059
          ],
          [
            16.1720306,
            68.9633145
          ],
          [
            16.1718893,
            68.9633226
          ],
          [
            16.17175,
            68.9633318
          ],
          [
            16.1716088,
            68.963341
          ],
          [
            16.1714673,
            68.9633509
          ],
          [
            16.1713262,
            68.9633603
          ],
          [
            16.1711853,
            68.9633691
          ],
          [
            16.1710433,
            68.9633776
          ],
          [
            16.1709019,
            68.9633866
          ],
          [
            16.1707629,
            68.9633949
          ],
          [
            16.1706244,
            68.9634034
          ],
          [
            16.1704851,
            68.9634119
          ],
          [
            16.1703458,
            68.9634194
          ],
          [
            16.1702092,
            68.9634269
          ],
          [
            16.1700738,
            68.9634351
          ],
          [
            16.1699381,
            68.9634432
          ],
          [
            16.1698031,
            68.963451
          ],
          [
            16.1696683,
            68.9634593
          ],
          [
            16.1695333,
            68.9634681
          ],
          [
            16.1693983,
            68.9634768
          ],
          [
            16.1692667,
            68.9634847
          ],
          [
            16.1691376,
            68.9634932
          ],
          [
            16.1690063,
            68.9635017
          ],
          [
            16.1688757,
            68.9635088
          ],
          [
            16.1687463,
            68.9635154
          ],
          [
            16.1686202,
            68.9635226
          ],
          [
            16.1684937,
            68.9635312
          ],
          [
            16.1683674,
            68.9635387
          ],
          [
            16.1682393,
            68.9635472
          ],
          [
            16.1681118,
            68.9635556
          ],
          [
            16.1679847,
            68.9635639
          ],
          [
            16.1678572,
            68.9635718
          ],
          [
            16.1677287,
            68.9635788
          ],
          [
            16.1676002,
            68.9635873
          ],
          [
            16.1674717,
            68.9635958
          ],
          [
            16.1673434,
            68.9636035
          ],
          [
            16.1672152,
            68.9636123
          ],
          [
            16.1670858,
            68.9636207
          ],
          [
            16.1669547,
            68.9636287
          ],
          [
            16.1668228,
            68.9636384
          ],
          [
            16.1666901,
            68.9636467
          ],
          [
            16.1665565,
            68.9636556
          ],
          [
            16.1664247,
            68.9636635
          ],
          [
            16.166293,
            68.9636709
          ],
          [
            16.1661609,
            68.9636796
          ],
          [
            16.1660313,
            68.9636894
          ],
          [
            16.1659017,
            68.9636985
          ],
          [
            16.1657711,
            68.9637062
          ],
          [
            16.1656424,
            68.9637149
          ],
          [
            16.1655124,
            68.9637232
          ],
          [
            16.1653813,
            68.9637309
          ],
          [
            16.1652481,
            68.9637383
          ],
          [
            16.1651157,
            68.9637475
          ],
          [
            16.1649833,
            68.9637558
          ],
          [
            16.1648497,
            68.9637634
          ],
          [
            16.1647164,
            68.9637719
          ],
          [
            16.1645826,
            68.9637797
          ],
          [
            16.1644469,
            68.963787
          ],
          [
            16.1643121,
            68.9637945
          ],
          [
            16.1641747,
            68.9638017
          ],
          [
            16.1640358,
            68.9638097
          ],
          [
            16.1638962,
            68.9638185
          ],
          [
            16.1637555,
            68.963825
          ],
          [
            16.163615,
            68.9638331
          ],
          [
            16.1634752,
            68.96384
          ],
          [
            16.1633341,
            68.9638469
          ],
          [
            16.1631935,
            68.9638526
          ],
          [
            16.1630508,
            68.9638586
          ],
          [
            16.1629105,
            68.9638659
          ],
          [
            16.1627692,
            68.9638726
          ],
          [
            16.1626296,
            68.9638803
          ],
          [
            16.162493,
            68.9638877
          ],
          [
            16.1623594,
            68.9638961
          ],
          [
            16.1622282,
            68.9639057
          ],
          [
            16.1620981,
            68.9639154
          ],
          [
            16.161971,
            68.9639258
          ],
          [
            16.1618435,
            68.963936
          ],
          [
            16.1617176,
            68.963947
          ],
          [
            16.1615892,
            68.9639577
          ],
          [
            16.1614617,
            68.9639702
          ],
          [
            16.1613342,
            68.9639833
          ],
          [
            16.1612069,
            68.9639982
          ],
          [
            16.1610813,
            68.964014
          ],
          [
            16.1609571,
            68.9640295
          ],
          [
            16.1608316,
            68.9640425
          ],
          [
            16.1607054,
            68.9640565
          ],
          [
            16.1605807,
            68.9640694
          ],
          [
            16.1604559,
            68.964081
          ],
          [
            16.1603285,
            68.9640937
          ],
          [
            16.160203,
            68.9641054
          ],
          [
            16.1600809,
            68.9641154
          ],
          [
            16.159958,
            68.9641265
          ],
          [
            16.1598332,
            68.9641378
          ],
          [
            16.1597083,
            68.9641494
          ],
          [
            16.1595854,
            68.9641611
          ],
          [
            16.159461,
            68.9641711
          ],
          [
            16.1593364,
            68.9641823
          ],
          [
            16.1592136,
            68.964192
          ],
          [
            16.1590915,
            68.9642013
          ],
          [
            16.1589702,
            68.9642112
          ],
          [
            16.1588488,
            68.9642213
          ],
          [
            16.1587299,
            68.964232
          ],
          [
            16.1586109,
            68.9642427
          ],
          [
            16.1584906,
            68.9642533
          ],
          [
            16.158369,
            68.9642638
          ],
          [
            16.158245,
            68.9642757
          ],
          [
            16.1581243,
            68.9642868
          ],
          [
            16.1580027,
            68.9642981
          ],
          [
            16.1578805,
            68.964308
          ],
          [
            16.157758,
            68.9643196
          ],
          [
            16.1576344,
            68.9643311
          ],
          [
            16.1575119,
            68.9643433
          ],
          [
            16.1573929,
            68.9643551
          ],
          [
            16.1572715,
            68.9643687
          ],
          [
            16.1571496,
            68.9643825
          ],
          [
            16.1570296,
            68.9643963
          ],
          [
            16.1569103,
            68.9644114
          ],
          [
            16.1567933,
            68.9644268
          ],
          [
            16.1566778,
            68.9644432
          ],
          [
            16.156563,
            68.9644603
          ],
          [
            16.1564472,
            68.964477
          ],
          [
            16.1563324,
            68.9644946
          ],
          [
            16.1562167,
            68.9645122
          ],
          [
            16.1561,
            68.9645303
          ],
          [
            16.1559812,
            68.9645473
          ],
          [
            16.1558627,
            68.9645652
          ],
          [
            16.1557422,
            68.9645828
          ],
          [
            16.1556204,
            68.9645988
          ],
          [
            16.1554952,
            68.9646136
          ],
          [
            16.1553684,
            68.9646289
          ],
          [
            16.1552423,
            68.9646443
          ],
          [
            16.1551162,
            68.9646606
          ],
          [
            16.1549898,
            68.964677
          ],
          [
            16.1548644,
            68.9646938
          ],
          [
            16.1547403,
            68.9647113
          ],
          [
            16.154616,
            68.9647302
          ],
          [
            16.1544906,
            68.9647502
          ],
          [
            16.1543654,
            68.9647702
          ],
          [
            16.1542404,
            68.9647911
          ],
          [
            16.1541145,
            68.9648115
          ],
          [
            16.1539876,
            68.9648313
          ],
          [
            16.1538604,
            68.9648493
          ],
          [
            16.153732,
            68.9648666
          ],
          [
            16.1536026,
            68.9648838
          ],
          [
            16.1534734,
            68.9649014
          ],
          [
            16.1533424,
            68.9649181
          ],
          [
            16.1532112,
            68.9649346
          ],
          [
            16.1530782,
            68.9649519
          ],
          [
            16.1529438,
            68.9649688
          ],
          [
            16.1528102,
            68.9649843
          ],
          [
            16.1526764,
            68.965
          ],
          [
            16.1525382,
            68.9650168
          ],
          [
            16.1524033,
            68.9650314
          ],
          [
            16.1522678,
            68.9650458
          ],
          [
            16.1521317,
            68.9650641
          ],
          [
            16.1519991,
            68.9650837
          ],
          [
            16.1518649,
            68.9651008
          ],
          [
            16.1517262,
            68.9651172
          ],
          [
            16.151589,
            68.9651322
          ],
          [
            16.1514503,
            68.9651457
          ],
          [
            16.151312,
            68.9651582
          ],
          [
            16.1511744,
            68.9651693
          ],
          [
            16.1510413,
            68.9651814
          ],
          [
            16.1509086,
            68.9651915
          ],
          [
            16.1507759,
            68.965202
          ],
          [
            16.1506437,
            68.9652145
          ],
          [
            16.1505092,
            68.9652275
          ],
          [
            16.1503743,
            68.9652409
          ],
          [
            16.1502395,
            68.9652536
          ],
          [
            16.1501027,
            68.9652654
          ],
          [
            16.1499645,
            68.9652777
          ],
          [
            16.1498302,
            68.9652931
          ],
          [
            16.1496979,
            68.9653086
          ],
          [
            16.1495648,
            68.9653251
          ],
          [
            16.1494289,
            68.9653401
          ],
          [
            16.149294,
            68.9653548
          ],
          [
            16.1491604,
            68.9653701
          ],
          [
            16.1490241,
            68.9653844
          ],
          [
            16.1488882,
            68.965399
          ],
          [
            16.1487501,
            68.9654141
          ],
          [
            16.1486126,
            68.9654286
          ],
          [
            16.1484806,
            68.9654441
          ],
          [
            16.1483487,
            68.9654571
          ],
          [
            16.1482157,
            68.965469
          ],
          [
            16.1480849,
            68.965482
          ],
          [
            16.1479522,
            68.9654933
          ],
          [
            16.1478158,
            68.9655037
          ],
          [
            16.1476814,
            68.9655145
          ],
          [
            16.1475481,
            68.9655244
          ],
          [
            16.1474141,
            68.9655355
          ],
          [
            16.1472799,
            68.9655461
          ],
          [
            16.1471458,
            68.9655564
          ],
          [
            16.1470144,
            68.9655669
          ],
          [
            16.1468824,
            68.9655773
          ],
          [
            16.1467495,
            68.9655882
          ],
          [
            16.1466182,
            68.9655996
          ],
          [
            16.1464899,
            68.9656119
          ],
          [
            16.1463599,
            68.9656245
          ],
          [
            16.1462311,
            68.9656359
          ],
          [
            16.1460987,
            68.9656462
          ],
          [
            16.1459676,
            68.9656565
          ],
          [
            16.1458331,
            68.9656663
          ],
          [
            16.1456975,
            68.9656759
          ],
          [
            16.1455636,
            68.9656851
          ],
          [
            16.1454291,
            68.9656947
          ],
          [
            16.145295,
            68.9657025
          ],
          [
            16.1451616,
            68.9657118
          ],
          [
            16.1450292,
            68.9657226
          ],
          [
            16.1448944,
            68.9657324
          ],
          [
            16.1447591,
            68.9657429
          ],
          [
            16.1446242,
            68.9657542
          ],
          [
            16.1444927,
            68.9657655
          ],
          [
            16.1443591,
            68.9657776
          ],
          [
            16.144225,
            68.96579
          ],
          [
            16.1440925,
            68.9658029
          ],
          [
            16.1439594,
            68.9658188
          ],
          [
            16.1438245,
            68.965834
          ],
          [
            16.1436883,
            68.9658488
          ],
          [
            16.1435546,
            68.965863
          ],
          [
            16.1434196,
            68.9658765
          ],
          [
            16.1432847,
            68.9658896
          ],
          [
            16.1431498,
            68.9659021
          ],
          [
            16.1430134,
            68.9659157
          ],
          [
            16.1428785,
            68.9659291
          ],
          [
            16.1427427,
            68.965943
          ],
          [
            16.1426039,
            68.9659563
          ],
          [
            16.1424576,
            68.9659724
          ],
          [
            16.1423186,
            68.9659811
          ],
          [
            16.142179,
            68.9659948
          ],
          [
            16.1420377,
            68.9660085
          ],
          [
            16.1419006,
            68.9660216
          ],
          [
            16.1417631,
            68.9660354
          ],
          [
            16.1416252,
            68.966049
          ],
          [
            16.141486,
            68.9660632
          ],
          [
            16.1413469,
            68.9660772
          ],
          [
            16.1412068,
            68.9660906
          ],
          [
            16.1410672,
            68.9661031
          ],
          [
            16.1409266,
            68.9661141
          ],
          [
            16.140787,
            68.9661252
          ],
          [
            16.1406483,
            68.966137
          ],
          [
            16.1405076,
            68.966149
          ],
          [
            16.1403665,
            68.9661616
          ],
          [
            16.140228,
            68.9661748
          ],
          [
            16.1400897,
            68.9661881
          ],
          [
            16.1399495,
            68.9662027
          ],
          [
            16.1398105,
            68.9662162
          ],
          [
            16.1396737,
            68.9662309
          ],
          [
            16.1395382,
            68.9662454
          ],
          [
            16.1394026,
            68.9662608
          ],
          [
            16.1392682,
            68.9662763
          ],
          [
            16.1391348,
            68.9662914
          ],
          [
            16.1390006,
            68.9663065
          ],
          [
            16.1388677,
            68.9663222
          ],
          [
            16.1387358,
            68.9663375
          ],
          [
            16.1386037,
            68.9663529
          ],
          [
            16.1384714,
            68.9663691
          ],
          [
            16.138338,
            68.9663853
          ],
          [
            16.1382056,
            68.9664019
          ],
          [
            16.1380745,
            68.9664188
          ],
          [
            16.1379397,
            68.9664353
          ],
          [
            16.1377852,
            68.9664567
          ],
          [
            16.1376576,
            68.9664741
          ],
          [
            16.1375256,
            68.9664899
          ],
          [
            16.1373866,
            68.9665023
          ],
          [
            16.1372541,
            68.9665126
          ],
          [
            16.1371645,
            68.9665246
          ],
          [
            16.1369903,
            68.966541
          ],
          [
            16.1368555,
            68.9665469
          ],
          [
            16.1367137,
            68.9665573
          ],
          [
            16.1365752,
            68.9665639
          ],
          [
            16.1364344,
            68.9665751
          ],
          [
            16.136315,
            68.9665953
          ],
          [
            16.1361691,
            68.9665965
          ],
          [
            16.1360304,
            68.9666009
          ],
          [
            16.135899,
            68.966611
          ],
          [
            16.1357708,
            68.9666247
          ],
          [
            16.1356372,
            68.9666474
          ],
          [
            16.1354984,
            68.9666644
          ],
          [
            16.1353486,
            68.9666758
          ],
          [
            16.1352008,
            68.9666872
          ],
          [
            16.1350542,
            68.9666981
          ],
          [
            16.1349157,
            68.9667132
          ],
          [
            16.1347853,
            68.9667327
          ],
          [
            16.1346537,
            68.9667532
          ],
          [
            16.1345148,
            68.9667704
          ],
          [
            16.134379,
            68.9667843
          ],
          [
            16.1342413,
            68.9667959
          ],
          [
            16.1341,
            68.9668079
          ],
          [
            16.1339636,
            68.9668237
          ],
          [
            16.1338339,
            68.9668409
          ],
          [
            16.1337033,
            68.9668549
          ],
          [
            16.1335653,
            68.9668595
          ],
          [
            16.1334346,
            68.9668625
          ],
          [
            16.1333046,
            68.966871
          ],
          [
            16.1331743,
            68.9668833
          ],
          [
            16.1330398,
            68.9668953
          ],
          [
            16.1329038,
            68.9669077
          ],
          [
            16.1327641,
            68.9669165
          ],
          [
            16.1326224,
            68.9669273
          ],
          [
            16.132487,
            68.9669373
          ],
          [
            16.1323519,
            68.9669501
          ],
          [
            16.1322515,
            68.9669606
          ],
          [
            16.1320822,
            68.966968
          ],
          [
            16.1319332,
            68.9669842
          ],
          [
            16.1318024,
            68.966996
          ],
          [
            16.1316734,
            68.9670069
          ],
          [
            16.1315399,
            68.9670217
          ],
          [
            16.131398,
            68.9670326
          ],
          [
            16.1312485,
            68.9670404
          ],
          [
            16.1311082,
            68.9670472
          ],
          [
            16.1309709,
            68.9670528
          ],
          [
            16.1308423,
            68.9670546
          ],
          [
            16.1307069,
            68.9670476
          ],
          [
            16.1305561,
            68.9670638
          ],
          [
            16.1304141,
            68.967071
          ],
          [
            16.1302639,
            68.9670772
          ],
          [
            16.1301187,
            68.9670834
          ],
          [
            16.1299707,
            68.9670892
          ],
          [
            16.129827,
            68.9670955
          ],
          [
            16.1296791,
            68.9671021
          ],
          [
            16.1295382,
            68.9671089
          ],
          [
            16.1293927,
            68.9671132
          ],
          [
            16.1292429,
            68.9671146
          ],
          [
            16.1290981,
            68.9671129
          ],
          [
            16.1289523,
            68.967115
          ],
          [
            16.1288091,
            68.9671243
          ],
          [
            16.128669,
            68.9671294
          ],
          [
            16.1285282,
            68.967136
          ],
          [
            16.1283847,
            68.9671404
          ],
          [
            16.1282406,
            68.9671449
          ],
          [
            16.1280924,
            68.967147
          ],
          [
            16.1279491,
            68.9671527
          ],
          [
            16.12781,
            68.9671593
          ],
          [
            16.1276639,
            68.9671675
          ],
          [
            16.127521,
            68.9671762
          ],
          [
            16.1273761,
            68.9671841
          ],
          [
            16.1272325,
            68.9671917
          ],
          [
            16.1270874,
            68.967196
          ],
          [
            16.1269442,
            68.9671977
          ],
          [
            16.126809,
            68.9671998
          ],
          [
            16.1266673,
            68.9672063
          ],
          [
            16.1265274,
            68.9672153
          ],
          [
            16.1263823,
            68.9672248
          ],
          [
            16.1262398,
            68.9672366
          ],
          [
            16.1260988,
            68.9672505
          ],
          [
            16.1259564,
            68.9672612
          ],
          [
            16.1258141,
            68.9672691
          ],
          [
            16.1256698,
            68.9672793
          ],
          [
            16.1255299,
            68.9672871
          ],
          [
            16.1253873,
            68.9672987
          ],
          [
            16.1252522,
            68.9673116
          ],
          [
            16.1251175,
            68.9673176
          ],
          [
            16.1249785,
            68.9673238
          ],
          [
            16.1248401,
            68.9673325
          ],
          [
            16.124711,
            68.9673411
          ],
          [
            16.124569,
            68.9673519
          ],
          [
            16.1244334,
            68.9673634
          ],
          [
            16.1243004,
            68.9673761
          ],
          [
            16.1241622,
            68.9673868
          ],
          [
            16.1240194,
            68.9673987
          ],
          [
            16.1238795,
            68.9674043
          ],
          [
            16.12374,
            68.9674133
          ],
          [
            16.1236052,
            68.9674202
          ],
          [
            16.1234645,
            68.9674295
          ],
          [
            16.1233223,
            68.9674372
          ],
          [
            16.1231775,
            68.9674444
          ],
          [
            16.1230319,
            68.9674504
          ],
          [
            16.1228878,
            68.967455
          ],
          [
            16.1227458,
            68.9674597
          ],
          [
            16.1226068,
            68.9674652
          ],
          [
            16.1224675,
            68.9674692
          ],
          [
            16.122328,
            68.9674703
          ],
          [
            16.1221793,
            68.9674707
          ],
          [
            16.1220344,
            68.9674741
          ],
          [
            16.12189,
            68.9674762
          ],
          [
            16.1217472,
            68.9674753
          ],
          [
            16.1216059,
            68.9674758
          ],
          [
            16.1214695,
            68.9674781
          ],
          [
            16.1213384,
            68.9674823
          ],
          [
            16.1212015,
            68.9674866
          ],
          [
            16.1210675,
            68.9674928
          ],
          [
            16.1209313,
            68.9675042
          ],
          [
            16.1207963,
            68.9675138
          ],
          [
            16.1206572,
            68.9675229
          ],
          [
            16.1205205,
            68.9675313
          ],
          [
            16.1203839,
            68.9675425
          ],
          [
            16.1202499,
            68.9675565
          ],
          [
            16.120116,
            68.9675695
          ],
          [
            16.1199797,
            68.9675809
          ],
          [
            16.1198452,
            68.9675916
          ],
          [
            16.1197102,
            68.9676039
          ],
          [
            16.1195743,
            68.9676145
          ],
          [
            16.1194378,
            68.9676237
          ],
          [
            16.1193036,
            68.9676301
          ],
          [
            16.1191679,
            68.9676359
          ],
          [
            16.1190285,
            68.967642
          ],
          [
            16.1188969,
            68.9676523
          ],
          [
            16.1187658,
            68.9676589
          ],
          [
            16.118633,
            68.9676671
          ],
          [
            16.1185009,
            68.9676726
          ],
          [
            16.1183711,
            68.9676822
          ],
          [
            16.1182375,
            68.9676901
          ],
          [
            16.118102,
            68.9676979
          ],
          [
            16.117968,
            68.9677093
          ],
          [
            16.1178335,
            68.9677152
          ],
          [
            16.1176976,
            68.9677229
          ],
          [
            16.1175622,
            68.9677329
          ],
          [
            16.1174253,
            68.9677415
          ],
          [
            16.117293,
            68.9677506
          ],
          [
            16.1171563,
            68.9677636
          ],
          [
            16.1170209,
            68.9677756
          ],
          [
            16.1169022,
            68.9677856
          ],
          [
            16.11675,
            68.9677973
          ],
          [
            16.1166105,
            68.9678112
          ],
          [
            16.116472,
            68.9678225
          ],
          [
            16.1163359,
            68.9678367
          ],
          [
            16.1161993,
            68.9678508
          ],
          [
            16.1160637,
            68.9678662
          ],
          [
            16.1159225,
            68.967876
          ],
          [
            16.1157832,
            68.9678875
          ],
          [
            16.1156423,
            68.9678991
          ],
          [
            16.1155013,
            68.9679121
          ],
          [
            16.1153563,
            68.9679186
          ],
          [
            16.1152153,
            68.9679262
          ],
          [
            16.1150726,
            68.9679306
          ],
          [
            16.1149239,
            68.9679401
          ],
          [
            16.1147776,
            68.9679465
          ],
          [
            16.1146332,
            68.9679516
          ],
          [
            16.1144869,
            68.9679538
          ],
          [
            16.1143432,
            68.9679618
          ],
          [
            16.1142011,
            68.9679724
          ],
          [
            16.114086,
            68.9679849
          ],
          [
            16.1139457,
            68.9679974
          ],
          [
            16.1138054,
            68.9680102
          ],
          [
            16.1136653,
            68.9680235
          ],
          [
            16.1135254,
            68.9680359
          ],
          [
            16.1133842,
            68.9680476
          ],
          [
            16.113244,
            68.9680584
          ],
          [
            16.113104,
            68.9680698
          ],
          [
            16.1129662,
            68.9680839
          ],
          [
            16.11283,
            68.9680976
          ],
          [
            16.1126935,
            68.9681127
          ],
          [
            16.1125599,
            68.9681299
          ],
          [
            16.1124266,
            68.9681469
          ],
          [
            16.1122936,
            68.9681631
          ],
          [
            16.1121602,
            68.9681797
          ],
          [
            16.1120269,
            68.968196
          ],
          [
            16.1118914,
            68.9682112
          ],
          [
            16.1117564,
            68.9682265
          ],
          [
            16.1116203,
            68.9682405
          ],
          [
            16.1114832,
            68.9682534
          ],
          [
            16.1113454,
            68.9682645
          ],
          [
            16.1112066,
            68.9682759
          ],
          [
            16.1110669,
            68.9682868
          ],
          [
            16.1109282,
            68.9682966
          ],
          [
            16.1107881,
            68.9683055
          ],
          [
            16.1106487,
            68.9683139
          ],
          [
            16.1105081,
            68.9683214
          ],
          [
            16.1103665,
            68.9683282
          ],
          [
            16.1102262,
            68.9683338
          ],
          [
            16.1100851,
            68.9683399
          ],
          [
            16.1099438,
            68.9683444
          ],
          [
            16.1098013,
            68.9683484
          ],
          [
            16.1096679,
            68.9683529
          ],
          [
            16.1095238,
            68.9683548
          ],
          [
            16.1093818,
            68.9683554
          ],
          [
            16.1092404,
            68.9683555
          ],
          [
            16.1090988,
            68.9683552
          ],
          [
            16.1089556,
            68.9683569
          ],
          [
            16.1088093,
            68.9683607
          ],
          [
            16.1086642,
            68.968365
          ],
          [
            16.1085198,
            68.9683697
          ],
          [
            16.1083758,
            68.9683764
          ],
          [
            16.1082322,
            68.9683844
          ],
          [
            16.1080904,
            68.9683927
          ],
          [
            16.1079491,
            68.9684011
          ],
          [
            16.1078086,
            68.96841
          ],
          [
            16.1076679,
            68.9684197
          ],
          [
            16.1075301,
            68.9684327
          ],
          [
            16.1073928,
            68.9684448
          ],
          [
            16.1072575,
            68.9684596
          ],
          [
            16.1071185,
            68.9684729
          ],
          [
            16.1069816,
            68.9684859
          ],
          [
            16.1068455,
            68.9684987
          ],
          [
            16.1067088,
            68.9685106
          ],
          [
            16.1065713,
            68.9685222
          ],
          [
            16.1064337,
            68.9685334
          ],
          [
            16.1062964,
            68.968543
          ],
          [
            16.106158,
            68.9685528
          ],
          [
            16.10602,
            68.9685635
          ],
          [
            16.1058813,
            68.9685738
          ],
          [
            16.1057454,
            68.9685837
          ],
          [
            16.1056094,
            68.9685931
          ],
          [
            16.1054712,
            68.9686029
          ],
          [
            16.1053352,
            68.9686125
          ],
          [
            16.1051975,
            68.9686219
          ],
          [
            16.1050587,
            68.9686301
          ],
          [
            16.1049206,
            68.9686383
          ],
          [
            16.1047825,
            68.968646
          ],
          [
            16.104644,
            68.9686528
          ],
          [
            16.104504,
            68.9686595
          ],
          [
            16.1043636,
            68.9686667
          ],
          [
            16.1042257,
            68.9686748
          ],
          [
            16.104086,
            68.9686828
          ],
          [
            16.103946,
            68.9686908
          ],
          [
            16.1038067,
            68.9686985
          ],
          [
            16.1036679,
            68.9687061
          ],
          [
            16.1035283,
            68.9687143
          ],
          [
            16.103388,
            68.968723
          ],
          [
            16.1032482,
            68.968731
          ],
          [
            16.1031076,
            68.9687392
          ],
          [
            16.1029677,
            68.9687476
          ],
          [
            16.1028264,
            68.9687545
          ],
          [
            16.1026871,
            68.9687622
          ],
          [
            16.1025489,
            68.9687696
          ],
          [
            16.1024091,
            68.9687785
          ],
          [
            16.1022702,
            68.9687889
          ],
          [
            16.1021326,
            68.9687996
          ],
          [
            16.1019935,
            68.9688118
          ],
          [
            16.1018532,
            68.9688244
          ],
          [
            16.1017133,
            68.9688371
          ],
          [
            16.1015757,
            68.9688499
          ],
          [
            16.1014383,
            68.9688633
          ],
          [
            16.1012995,
            68.9688763
          ],
          [
            16.1011609,
            68.9688893
          ],
          [
            16.1010245,
            68.9689027
          ],
          [
            16.1008871,
            68.968917
          ],
          [
            16.1007505,
            68.9689313
          ],
          [
            16.1006131,
            68.968945
          ],
          [
            16.1004788,
            68.9689606
          ],
          [
            16.1003425,
            68.9689775
          ],
          [
            16.1002066,
            68.9689937
          ],
          [
            16.1000715,
            68.9690098
          ],
          [
            16.0999361,
            68.9690262
          ],
          [
            16.0998013,
            68.9690429
          ],
          [
            16.0996665,
            68.969059
          ],
          [
            16.0995327,
            68.9690752
          ],
          [
            16.0993985,
            68.9690911
          ],
          [
            16.0992627,
            68.969107
          ],
          [
            16.0991276,
            68.9691226
          ],
          [
            16.0989938,
            68.9691375
          ],
          [
            16.0988581,
            68.9691526
          ],
          [
            16.0987227,
            68.9691676
          ],
          [
            16.098589,
            68.9691828
          ],
          [
            16.0984553,
            68.9691966
          ],
          [
            16.0983218,
            68.9692121
          ],
          [
            16.0981865,
            68.9692263
          ],
          [
            16.0980524,
            68.9692404
          ],
          [
            16.0979179,
            68.9692539
          ],
          [
            16.0977837,
            68.9692686
          ],
          [
            16.0976504,
            68.9692826
          ],
          [
            16.097515,
            68.9692954
          ],
          [
            16.09738,
            68.9693099
          ],
          [
            16.0972455,
            68.9693242
          ],
          [
            16.0971101,
            68.9693382
          ],
          [
            16.0969774,
            68.9693524
          ],
          [
            16.096837,
            68.9693655
          ],
          [
            16.0966972,
            68.9693806
          ],
          [
            16.0965641,
            68.9693966
          ],
          [
            16.0964276,
            68.969409
          ],
          [
            16.0962896,
            68.9694206
          ],
          [
            16.0961552,
            68.9694331
          ],
          [
            16.0960225,
            68.9694447
          ],
          [
            16.0958906,
            68.969456
          ],
          [
            16.0957582,
            68.9694666
          ],
          [
            16.0956258,
            68.9694788
          ],
          [
            16.0954918,
            68.96949
          ],
          [
            16.0953577,
            68.9695005
          ],
          [
            16.095224,
            68.9695113
          ],
          [
            16.0950907,
            68.9695235
          ],
          [
            16.0949581,
            68.9695369
          ],
          [
            16.0948257,
            68.9695513
          ],
          [
            16.094689,
            68.9695662
          ],
          [
            16.0945544,
            68.9695794
          ],
          [
            16.0944201,
            68.9695944
          ],
          [
            16.094287,
            68.9696086
          ],
          [
            16.0941529,
            68.9696218
          ],
          [
            16.0940214,
            68.9696344
          ],
          [
            16.0938889,
            68.969648
          ],
          [
            16.0937598,
            68.9696616
          ],
          [
            16.0936269,
            68.9696741
          ],
          [
            16.0934945,
            68.9696866
          ],
          [
            16.0933606,
            68.9696989
          ],
          [
            16.0932245,
            68.9697113
          ],
          [
            16.0930868,
            68.9697239
          ],
          [
            16.0929506,
            68.9697374
          ],
          [
            16.0928153,
            68.9697504
          ],
          [
            16.0926785,
            68.9697629
          ],
          [
            16.0925417,
            68.9697752
          ],
          [
            16.0924087,
            68.9697883
          ],
          [
            16.0922757,
            68.9698004
          ],
          [
            16.0921394,
            68.9698119
          ],
          [
            16.0920054,
            68.969824
          ],
          [
            16.0918726,
            68.9698378
          ],
          [
            16.091736,
            68.9698526
          ],
          [
            16.0915997,
            68.9698662
          ],
          [
            16.0914662,
            68.9698789
          ],
          [
            16.0913334,
            68.9698934
          ],
          [
            16.0911984,
            68.969908
          ],
          [
            16.0910664,
            68.9699234
          ],
          [
            16.0909358,
            68.9699379
          ],
          [
            16.090807,
            68.9699532
          ],
          [
            16.0906742,
            68.9699685
          ],
          [
            16.0905397,
            68.9699849
          ],
          [
            16.0904037,
            68.9700008
          ],
          [
            16.0902679,
            68.9700182
          ],
          [
            16.0901282,
            68.9700325
          ],
          [
            16.089991,
            68.9700463
          ],
          [
            16.0898547,
            68.9700614
          ],
          [
            16.0897171,
            68.9700758
          ],
          [
            16.0895807,
            68.9700922
          ],
          [
            16.0894465,
            68.970107
          ],
          [
            16.0893121,
            68.9701212
          ],
          [
            16.0891747,
            68.9701374
          ],
          [
            16.0890363,
            68.9701521
          ],
          [
            16.0889004,
            68.9701652
          ],
          [
            16.0887631,
            68.97018
          ],
          [
            16.088623,
            68.9701927
          ],
          [
            16.0884892,
            68.9702081
          ],
          [
            16.0883527,
            68.970222
          ],
          [
            16.0882151,
            68.9702375
          ],
          [
            16.0880715,
            68.9702536
          ],
          [
            16.0879281,
            68.9702685
          ],
          [
            16.087788,
            68.9702816
          ],
          [
            16.0876457,
            68.9702941
          ],
          [
            16.0875073,
            68.9703106
          ],
          [
            16.0873699,
            68.9703247
          ],
          [
            16.0872363,
            68.9703388
          ],
          [
            16.0871019,
            68.9703535
          ],
          [
            16.086969,
            68.970367
          ],
          [
            16.0868307,
            68.9703809
          ],
          [
            16.0866882,
            68.9703978
          ],
          [
            16.0865469,
            68.9704142
          ],
          [
            16.0864087,
            68.9704319
          ],
          [
            16.0862736,
            68.9704485
          ],
          [
            16.0861355,
            68.9704651
          ],
          [
            16.0859974,
            68.9704807
          ],
          [
            16.0858584,
            68.9704959
          ],
          [
            16.0857204,
            68.9705116
          ],
          [
            16.0855846,
            68.9705287
          ],
          [
            16.0854467,
            68.9705421
          ],
          [
            16.0853123,
            68.9705581
          ],
          [
            16.0851726,
            68.9705761
          ],
          [
            16.0850316,
            68.970592
          ],
          [
            16.084891,
            68.9706078
          ],
          [
            16.0847568,
            68.9706203
          ],
          [
            16.0846219,
            68.9706334
          ],
          [
            16.0844866,
            68.970648
          ],
          [
            16.0843518,
            68.9706623
          ],
          [
            16.084215,
            68.970679
          ],
          [
            16.0840801,
            68.9706954
          ],
          [
            16.0839454,
            68.9707115
          ],
          [
            16.0838116,
            68.9707281
          ],
          [
            16.0836768,
            68.9707449
          ],
          [
            16.0835432,
            68.9707615
          ],
          [
            16.0834051,
            68.9707753
          ],
          [
            16.0832673,
            68.9707912
          ],
          [
            16.0831309,
            68.9708076
          ],
          [
            16.0829937,
            68.9708246
          ],
          [
            16.0828547,
            68.9708412
          ],
          [
            16.0827181,
            68.9708566
          ],
          [
            16.0825788,
            68.9708722
          ],
          [
            16.0824384,
            68.9708869
          ],
          [
            16.0822969,
            68.9709006
          ],
          [
            16.0821566,
            68.9709135
          ],
          [
            16.0820153,
            68.9709258
          ],
          [
            16.0818726,
            68.9709375
          ],
          [
            16.0816953,
            68.9709515
          ],
          [
            16.0815486,
            68.9709604
          ],
          [
            16.0814055,
            68.9709695
          ],
          [
            16.08126,
            68.9709799
          ],
          [
            16.0811141,
            68.9709897
          ],
          [
            16.080972,
            68.9709967
          ],
          [
            16.0808301,
            68.9710072
          ],
          [
            16.080685,
            68.9710137
          ],
          [
            16.0805426,
            68.9710199
          ],
          [
            16.0804023,
            68.9710225
          ],
          [
            16.0802621,
            68.971026
          ],
          [
            16.0801175,
            68.9710311
          ],
          [
            16.0799732,
            68.9710362
          ],
          [
            16.07983,
            68.971043
          ],
          [
            16.0796853,
            68.9710516
          ],
          [
            16.0795405,
            68.9710583
          ],
          [
            16.0794026,
            68.9710701
          ],
          [
            16.0792671,
            68.9710839
          ],
          [
            16.0791289,
            68.9710952
          ],
          [
            16.0789845,
            68.9711127
          ],
          [
            16.0788547,
            68.9711347
          ],
          [
            16.0787097,
            68.9711529
          ],
          [
            16.0785696,
            68.9711729
          ],
          [
            16.0784317,
            68.9711963
          ],
          [
            16.0782916,
            68.9712193
          ],
          [
            16.0781536,
            68.97124
          ],
          [
            16.0780168,
            68.9712561
          ],
          [
            16.0778876,
            68.9712691
          ],
          [
            16.0777573,
            68.9712921
          ],
          [
            16.0776286,
            68.97132
          ],
          [
            16.0775211,
            68.9713439
          ],
          [
            16.0773921,
            68.971367
          ],
          [
            16.0772629,
            68.9713899
          ],
          [
            16.0771397,
            68.9714123
          ],
          [
            16.0770174,
            68.9714355
          ],
          [
            16.076885,
            68.971458
          ],
          [
            16.0767563,
            68.9714818
          ],
          [
            16.0766293,
            68.9715051
          ],
          [
            16.0764957,
            68.971527
          ],
          [
            16.076364,
            68.9715499
          ],
          [
            16.0762325,
            68.971573
          ],
          [
            16.0761034,
            68.9715955
          ],
          [
            16.075975,
            68.9716175
          ],
          [
            16.0758478,
            68.9716393
          ],
          [
            16.0757196,
            68.9716606
          ],
          [
            16.0755876,
            68.9716808
          ],
          [
            16.0754547,
            68.9716995
          ],
          [
            16.0753217,
            68.9717179
          ],
          [
            16.0751871,
            68.9717353
          ],
          [
            16.0750519,
            68.9717536
          ],
          [
            16.0749233,
            68.9717699
          ],
          [
            16.0747958,
            68.9717857
          ],
          [
            16.0746638,
            68.9717999
          ],
          [
            16.0745324,
            68.9718138
          ],
          [
            16.074398,
            68.971828
          ],
          [
            16.0742554,
            68.9718431
          ],
          [
            16.0741213,
            68.9718575
          ],
          [
            16.0739802,
            68.9718727
          ],
          [
            16.0738426,
            68.9718857
          ],
          [
            16.0737031,
            68.9718971
          ],
          [
            16.073565,
            68.9719087
          ],
          [
            16.0734271,
            68.9719204
          ],
          [
            16.0732903,
            68.9719325
          ],
          [
            16.0731506,
            68.9719437
          ],
          [
            16.0730138,
            68.9719554
          ],
          [
            16.0728782,
            68.9719671
          ],
          [
            16.0727405,
            68.971977
          ],
          [
            16.0726016,
            68.9719866
          ],
          [
            16.0724649,
            68.971996
          ],
          [
            16.0723256,
            68.9720054
          ],
          [
            16.0721835,
            68.9720147
          ],
          [
            16.0720426,
            68.972024
          ],
          [
            16.071903,
            68.9720338
          ],
          [
            16.0717645,
            68.9720438
          ],
          [
            16.0716257,
            68.9720519
          ],
          [
            16.0714864,
            68.9720602
          ],
          [
            16.0713487,
            68.9720676
          ],
          [
            16.0712096,
            68.9720749
          ],
          [
            16.0710684,
            68.9720826
          ],
          [
            16.0709279,
            68.9720898
          ],
          [
            16.0707883,
            68.9720958
          ],
          [
            16.0706498,
            68.9721028
          ],
          [
            16.0705102,
            68.9721101
          ],
          [
            16.0703733,
            68.972119
          ],
          [
            16.0702361,
            68.9721297
          ],
          [
            16.0700984,
            68.9721419
          ],
          [
            16.0699604,
            68.9721539
          ],
          [
            16.069826,
            68.9721691
          ],
          [
            16.0696901,
            68.972185
          ],
          [
            16.0695542,
            68.9722024
          ],
          [
            16.0694201,
            68.9722189
          ],
          [
            16.0692857,
            68.9722389
          ],
          [
            16.0691534,
            68.9722538
          ],
          [
            16.0690222,
            68.9722705
          ],
          [
            16.0688944,
            68.972287
          ],
          [
            16.0687655,
            68.9723047
          ],
          [
            16.0686358,
            68.9723241
          ],
          [
            16.0685029,
            68.9723438
          ],
          [
            16.0683697,
            68.9723588
          ],
          [
            16.0682427,
            68.9723768
          ],
          [
            16.0681121,
            68.972393
          ],
          [
            16.067983,
            68.9724095
          ],
          [
            16.0678551,
            68.9724244
          ],
          [
            16.0677235,
            68.9724391
          ],
          [
            16.0675921,
            68.9724547
          ],
          [
            16.0674629,
            68.9724707
          ],
          [
            16.0673312,
            68.9724872
          ],
          [
            16.0672022,
            68.9725046
          ],
          [
            16.0670695,
            68.9725187
          ],
          [
            16.0669411,
            68.9725333
          ],
          [
            16.0668111,
            68.9725474
          ],
          [
            16.0666781,
            68.9725617
          ],
          [
            16.0665436,
            68.9725759
          ],
          [
            16.0664143,
            68.9725897
          ],
          [
            16.0662856,
            68.9726037
          ],
          [
            16.0661548,
            68.9726173
          ],
          [
            16.0660224,
            68.9726302
          ],
          [
            16.0658916,
            68.9726437
          ],
          [
            16.0657611,
            68.9726576
          ],
          [
            16.0656272,
            68.97267
          ],
          [
            16.0654934,
            68.9726827
          ],
          [
            16.0653606,
            68.9726951
          ],
          [
            16.065227,
            68.972708
          ],
          [
            16.065093,
            68.972721
          ],
          [
            16.064959,
            68.9727333
          ],
          [
            16.064824,
            68.9727445
          ],
          [
            16.0646886,
            68.9727555
          ],
          [
            16.0645526,
            68.9727664
          ],
          [
            16.0644177,
            68.9727773
          ],
          [
            16.0642828,
            68.9727889
          ],
          [
            16.0641475,
            68.9728003
          ],
          [
            16.0640125,
            68.9728111
          ],
          [
            16.063879,
            68.9728232
          ],
          [
            16.0637446,
            68.9728351
          ],
          [
            16.0636111,
            68.9728474
          ],
          [
            16.063476,
            68.9728598
          ],
          [
            16.0633449,
            68.9728719
          ],
          [
            16.0632107,
            68.9728832
          ],
          [
            16.0630781,
            68.9728961
          ],
          [
            16.062946,
            68.9729083
          ],
          [
            16.062812,
            68.9729207
          ],
          [
            16.0626782,
            68.9729336
          ],
          [
            16.0625448,
            68.9729457
          ],
          [
            16.062411,
            68.9729581
          ],
          [
            16.0622775,
            68.9729705
          ],
          [
            16.0621428,
            68.9729822
          ],
          [
            16.0620097,
            68.9729948
          ],
          [
            16.061877,
            68.9730071
          ],
          [
            16.0617434,
            68.9730198
          ],
          [
            16.0616098,
            68.9730321
          ],
          [
            16.0614758,
            68.9730445
          ],
          [
            16.0613415,
            68.9730572
          ],
          [
            16.0612083,
            68.97307
          ],
          [
            16.0610756,
            68.973083
          ],
          [
            16.0609407,
            68.9730961
          ],
          [
            16.0608066,
            68.9731096
          ],
          [
            16.0606723,
            68.9731218
          ],
          [
            16.060539,
            68.9731341
          ],
          [
            16.060407,
            68.9731473
          ],
          [
            16.0602739,
            68.9731612
          ],
          [
            16.0601427,
            68.973174
          ],
          [
            16.0600114,
            68.9731878
          ],
          [
            16.0598781,
            68.9732005
          ],
          [
            16.0597454,
            68.9732133
          ],
          [
            16.0596138,
            68.9732262
          ],
          [
            16.0594812,
            68.9732392
          ],
          [
            16.0593464,
            68.9732523
          ],
          [
            16.059213,
            68.9732652
          ],
          [
            16.0590785,
            68.9732788
          ],
          [
            16.0589435,
            68.9732921
          ],
          [
            16.0588083,
            68.9733053
          ],
          [
            16.0586731,
            68.9733187
          ],
          [
            16.0585365,
            68.9733318
          ],
          [
            16.0583989,
            68.9733454
          ],
          [
            16.0582622,
            68.9733575
          ],
          [
            16.0581263,
            68.9733697
          ],
          [
            16.0579918,
            68.973384
          ],
          [
            16.0578565,
            68.9733972
          ],
          [
            16.0577225,
            68.9734107
          ],
          [
            16.0575888,
            68.9734236
          ],
          [
            16.0575215,
            68.9734306
          ],
          [
            16.0573878,
            68.9734432
          ],
          [
            16.057255,
            68.9734571
          ],
          [
            16.0571223,
            68.9734711
          ],
          [
            16.0569896,
            68.973486
          ],
          [
            16.0568583,
            68.9734988
          ],
          [
            16.0567309,
            68.9735159
          ],
          [
            16.056601,
            68.9735324
          ],
          [
            16.056469,
            68.973547
          ],
          [
            16.056335,
            68.9735602
          ],
          [
            16.0562011,
            68.9735733
          ],
          [
            16.0560685,
            68.9735871
          ],
          [
            16.055936,
            68.9736019
          ],
          [
            16.0558032,
            68.9736164
          ],
          [
            16.0556736,
            68.9736303
          ],
          [
            16.0555426,
            68.9736441
          ],
          [
            16.0554113,
            68.9736586
          ],
          [
            16.0552798,
            68.9736728
          ],
          [
            16.0551503,
            68.9736875
          ],
          [
            16.0550192,
            68.9737009
          ],
          [
            16.0548871,
            68.9737165
          ],
          [
            16.0547543,
            68.973731
          ],
          [
            16.0546194,
            68.9737457
          ],
          [
            16.0544878,
            68.9737612
          ],
          [
            16.0543569,
            68.9737754
          ],
          [
            16.0542249,
            68.9737903
          ],
          [
            16.054093,
            68.9738048
          ],
          [
            16.0539621,
            68.973819
          ],
          [
            16.0538325,
            68.9738339
          ],
          [
            16.0537016,
            68.9738487
          ],
          [
            16.0535712,
            68.9738638
          ],
          [
            16.0534411,
            68.9738788
          ],
          [
            16.0533121,
            68.9738944
          ],
          [
            16.0531805,
            68.9739089
          ],
          [
            16.0530487,
            68.9739239
          ],
          [
            16.0529181,
            68.9739391
          ],
          [
            16.0527883,
            68.9739548
          ],
          [
            16.0526584,
            68.97397
          ],
          [
            16.0525295,
            68.973986
          ],
          [
            16.0524001,
            68.9740014
          ],
          [
            16.0522708,
            68.974018
          ],
          [
            16.052141,
            68.9740341
          ],
          [
            16.0520095,
            68.9740502
          ],
          [
            16.051877,
            68.9740672
          ],
          [
            16.0517418,
            68.9740824
          ],
          [
            16.0516058,
            68.9740989
          ],
          [
            16.0514747,
            68.9741174
          ],
          [
            16.0513411,
            68.9741347
          ],
          [
            16.0512082,
            68.9741524
          ],
          [
            16.051074,
            68.9741694
          ],
          [
            16.0509379,
            68.9741859
          ],
          [
            16.0508037,
            68.9742014
          ],
          [
            16.0506686,
            68.9742185
          ],
          [
            16.0505339,
            68.9742359
          ],
          [
            16.0503992,
            68.9742519
          ],
          [
            16.0502647,
            68.9742692
          ],
          [
            16.0501295,
            68.9742871
          ],
          [
            16.0499946,
            68.9743053
          ],
          [
            16.0498578,
            68.9743218
          ],
          [
            16.0497232,
            68.9743393
          ],
          [
            16.0495862,
            68.9743562
          ],
          [
            16.0494501,
            68.9743728
          ],
          [
            16.0493152,
            68.9743888
          ],
          [
            16.04918,
            68.9744045
          ],
          [
            16.0490438,
            68.9744218
          ],
          [
            16.048906,
            68.9744393
          ],
          [
            16.0487741,
            68.9744576
          ],
          [
            16.0486371,
            68.9744727
          ],
          [
            16.048499,
            68.9744892
          ],
          [
            16.0483615,
            68.9745049
          ],
          [
            16.0482236,
            68.9745219
          ],
          [
            16.0480854,
            68.9745396
          ],
          [
            16.0479511,
            68.9745558
          ],
          [
            16.0478155,
            68.9745726
          ],
          [
            16.0476798,
            68.9745893
          ],
          [
            16.0475448,
            68.9746054
          ],
          [
            16.0474117,
            68.9746214
          ],
          [
            16.0472768,
            68.974637
          ],
          [
            16.0471408,
            68.9746542
          ],
          [
            16.0470048,
            68.9746714
          ],
          [
            16.0468691,
            68.9746877
          ],
          [
            16.0467336,
            68.974704
          ],
          [
            16.0465983,
            68.9747207
          ],
          [
            16.0464609,
            68.9747375
          ],
          [
            16.0463254,
            68.9747547
          ],
          [
            16.0461885,
            68.974771
          ],
          [
            16.0460519,
            68.9747884
          ],
          [
            16.0459156,
            68.9748061
          ],
          [
            16.0457788,
            68.9748227
          ],
          [
            16.0456429,
            68.9748393
          ],
          [
            16.0455059,
            68.9748548
          ],
          [
            16.0453697,
            68.9748705
          ],
          [
            16.0452331,
            68.9748853
          ],
          [
            16.0450964,
            68.9749006
          ],
          [
            16.0449579,
            68.9749147
          ],
          [
            16.0448219,
            68.9749288
          ],
          [
            16.044687,
            68.9749435
          ],
          [
            16.0445521,
            68.9749583
          ],
          [
            16.0444196,
            68.9749733
          ],
          [
            16.0442835,
            68.9749868
          ],
          [
            16.0441512,
            68.9750024
          ],
          [
            16.0440176,
            68.9750168
          ],
          [
            16.0438855,
            68.975032
          ],
          [
            16.0437523,
            68.9750468
          ],
          [
            16.043621,
            68.9750624
          ],
          [
            16.0434889,
            68.975078
          ],
          [
            16.0433566,
            68.975094
          ],
          [
            16.0432229,
            68.9751087
          ],
          [
            16.0430906,
            68.9751246
          ],
          [
            16.042958,
            68.97514
          ],
          [
            16.042826,
            68.9751567
          ],
          [
            16.0426916,
            68.9751713
          ],
          [
            16.0425632,
            68.9751886
          ],
          [
            16.0424357,
            68.9752054
          ],
          [
            16.0423033,
            68.9752211
          ],
          [
            16.0421712,
            68.9752385
          ],
          [
            16.0420398,
            68.9752555
          ],
          [
            16.0419103,
            68.9752732
          ],
          [
            16.0417765,
            68.9752886
          ],
          [
            16.0416442,
            68.9753044
          ],
          [
            16.0415136,
            68.9753219
          ],
          [
            16.0413796,
            68.9753375
          ],
          [
            16.0412448,
            68.9753529
          ],
          [
            16.0411067,
            68.9753662
          ],
          [
            16.0409728,
            68.9753794
          ],
          [
            16.0408332,
            68.9753904
          ],
          [
            16.0406852,
            68.9754004
          ],
          [
            16.0405486,
            68.9754105
          ],
          [
            16.0404111,
            68.9754242
          ],
          [
            16.0402772,
            68.9754389
          ],
          [
            16.0401401,
            68.9754521
          ],
          [
            16.0400067,
            68.9754661
          ],
          [
            16.0398683,
            68.9754771
          ],
          [
            16.0397317,
            68.9754874
          ],
          [
            16.0395881,
            68.9754975
          ],
          [
            16.0394495,
            68.9755124
          ],
          [
            16.0393087,
            68.9755249
          ],
          [
            16.039171,
            68.9755398
          ],
          [
            16.0390369,
            68.9755551
          ],
          [
            16.0388946,
            68.9755654
          ],
          [
            16.0387607,
            68.9755779
          ],
          [
            16.0386269,
            68.9755881
          ],
          [
            16.0384936,
            68.9755982
          ],
          [
            16.0383533,
            68.9756075
          ],
          [
            16.0382157,
            68.9756182
          ],
          [
            16.0380848,
            68.9756327
          ],
          [
            16.0379541,
            68.9756459
          ],
          [
            16.0378189,
            68.9756546
          ],
          [
            16.0376858,
            68.9756634
          ],
          [
            16.0375393,
            68.9756648
          ],
          [
            16.0374058,
            68.9756769
          ],
          [
            16.0372679,
            68.9756916
          ],
          [
            16.0371313,
            68.9757076
          ],
          [
            16.0369966,
            68.9757207
          ],
          [
            16.0368486,
            68.9757299
          ],
          [
            16.0367072,
            68.9757395
          ],
          [
            16.0365667,
            68.9757498
          ],
          [
            16.0364293,
            68.9757611
          ],
          [
            16.0362943,
            68.9757724
          ],
          [
            16.0361566,
            68.9757834
          ],
          [
            16.0360218,
            68.9757905
          ],
          [
            16.0358803,
            68.9758012
          ],
          [
            16.0357458,
            68.9758186
          ],
          [
            16.0356087,
            68.9758343
          ],
          [
            16.0354708,
            68.975844
          ],
          [
            16.0353241,
            68.975853
          ],
          [
            16.0351865,
            68.9758653
          ],
          [
            16.035049,
            68.9758746
          ],
          [
            16.0349087,
            68.9758849
          ],
          [
            16.0347731,
            68.9758899
          ],
          [
            16.0346432,
            68.9759101
          ],
          [
            16.034508,
            68.9759227
          ],
          [
            16.0343666,
            68.9759303
          ],
          [
            16.0342311,
            68.9759394
          ],
          [
            16.0341023,
            68.9759387
          ],
          [
            16.0339629,
            68.975951
          ],
          [
            16.0338251,
            68.9759669
          ],
          [
            16.0336941,
            68.9759809
          ],
          [
            16.0335562,
            68.9759905
          ]
        ]
      },
      "properties": {
        "timestamps": [
          1784964917,
          1784964919,
          1784964922,
          1784964930,
          1784964980,
          1784964982,
          1784964984,
          1784964986,
          1784964988,
          1784965030,
          1784965032,
          1784965034,
          1784965036,
          1784965038,
          1784965040,
          1784965042,
          1784965044,
          1784965070,
          1784965072,
          1784965074,
          1784965076,
          1784965078,
          1784965080,
          1784965082,
          1784965084,
          1784965086,
          1784965088,
          1784965090,
          1784965092,
          1784965094,
          1784965096,
          1784965226,
          1784965228,
          1784965230,
          1784965232,
          1784965234,
          1784965236,
          1784965238,
          1784965240,
          1784965242,
          1784965244,
          1784965246,
          1784965248,
          1784965250,
          1784965252,
          1784965254,
          1784965256,
          1784965258,
          1784965260,
          1784965262,
          1784965264,
          1784965266,
          1784965268,
          1784965270,
          1784965272,
          1784965274,
          1784965276,
          1784965278,
          1784965280,
          1784965282,
          1784965284,
          1784965286,
          1784965288,
          1784965290,
          1784965292,
          1784965294,
          1784965296,
          1784965298,
          1784965300,
          1784965302,
          1784965304,
          1784965306,
          1784965308,
          1784965310,
          1784965312,
          1784965314,
          1784965316,
          1784965318,
          1784965320,
          1784965322,
          1784965324,
          1784965326,
          1784965328,
          1784965330,
          1784965332,
          1784965334,
          1784965336,
          1784965338,
          1784965340,
          1784965342,
          1784965344,
          1784965346,
          1784965348,
          1784965350,
          1784965352,
          1784965354,
          1784965356,
          1784965358,
          1784965360,
          1784965362,
          1784965364,
          1784965366,
          1784965368,
          1784965370,
          1784965372,
          1784965374,
          1784965376,
          1784965378,
          1784965380,
          1784965382,
          1784965384,
          1784965386,
          1784965388,
          1784965390,
          1784965392,
          1784965394,
          1784965396,
          1784965398,
          1784965400,
          1784965402,
          1784965404,
          1784965406,
          1784965408,
          1784965410,
          1784965412,
          1784965414,
          1784965416,
          1784965418,
          1784965420,
          1784965422,
          1784965424,
          1784965426,
          1784965428,
          1784965430,
          1784965432,
          1784965434,
          1784965436,
          1784965438,
          1784965440,
          1784965442,
          1784965444,
          1784965446,
          1784965448,
          1784965450,
          1784965452,
          1784965454,
          1784965456,
          1784965458,
          1784965460,
          1784965462,
          1784965464,
          1784965466,
          1784965468,
          1784965470,
          1784965472,
          1784965474,
          1784965476,
          1784965478,
          1784965480,
          1784965482,
          1784965484,
          1784965486,
          1784965488,
          1784965490,
          1784965492,
          1784965494,
          1784965496,
          1784965498,
          1784965500,
          1784965502,
          1784965504,
          1784965506,
          1784965508,
          1784965510,
          1784965512,
          1784965514,
          1784965516,
          1784965518,
          1784965520,
          1784965522,
          1784965524,
          1784965526,
          1784965528,
          1784965530,
          1784965532,
          1784965534,
          1784965536,
          1784965538,
          1784965540,
          1784965542,
          1784965544,
          1784965546,
          1784965548,
          1784965550,
          1784965552,
          1784965554,
          1784965556,
          1784965558,
          1784965560,
          1784965562,
          1784965564,
          1784965566,
          1784965568,
          1784965570,
          1784965572,
          1784965574,
          1784965576,
          1784965578,
          1784965580,
          1784965582,
          1784965584,
          1784965586,
          1784965588,
          1784965590,
          1784965592,
          1784965594,
          1784965596,
          1784965598,
          1784965600,
          1784965602,
          1784965604,
          1784965606,
          1784965608,
          1784965610,
          1784965612,
          1784965614,
          1784965616,
          1784965618,
          1784965620,
          1784965622,
          1784965624,
          1784965626,
          1784965628,
          1784965630,
          1784965632,
          1784965634,
          1784965636,
          1784965638,
          1784965640,
          1784965642,
          1784965644,
          1784965646,
          1784965648,
          1784965650,
          1784965652,
          1784965654,
          1784965656,
          1784965658,
          1784965660,
          1784965662,
          1784965664,
          1784965666,
          1784965668,
          1784965670,
          1784965672,
          1784965674,
          1784965676,
          1784965678,
          1784965680,
          1784965682,
          1784965684,
          1784965686,
          1784965688,
          1784965690,
          1784965692,
          1784965694,
          1784965696,
          1784965698,
          1784965700,
          1784965702,
          1784965704,
          1784965706,
          1784965708,
          1784965710,
          1784965712,
          1784965714,
          1784965716,
          1784965718,
          1784965720,
          1784965722,
          1784965724,
          1784965726,
          1784965728,
          1784965730,
          1784965732,
          1784965734,
          1784965736,
          1784965738,
          1784965740,
          1784965742,
          1784965744,
          1784965746,
          1784965748,
          1784965750,
          1784965752,
          1784965754,
          1784965756,
          1784965758,
          1784965760,
          1784965762,
          1784965764,
          1784965766,
          1784965768,
          1784965770,
          1784965772,
          1784965774,
          1784965776,
          1784965778,
          1784965780,
          1784965782,
          1784965784,
          1784965786,
          1784965788,
          1784965790,
          1784965792,
          1784965794,
          1784965796,
          1784965798,
          1784965800,
          1784965802,
          1784965804,
          1784965806,
          1784965808,
          1784965810,
          1784965812,
          1784965814,
          1784965816,
          1784965818,
          1784965820,
          1784965822,
          1784965824,
          1784965826,
          1784965828,
          1784965830,
          1784965832,
          1784965834,
          1784965836,
          1784965838,
          1784965840,
          1784965842,
          1784965844,
          1784965846,
          1784965848,
          1784965850,
          1784965852,
          1784965854,
          1784965856,
          1784965858,
          1784965860,
          1784965862,
          1784965864,
          1784965866,
          1784965868,
          1784965870,
          1784965872,
          1784965874,
          1784965876,
          1784965878,
          1784965880,
          1784965882,
          1784965884,
          1784965886,
          1784965888,
          1784965890,
          1784965892,
          1784965894,
          1784965896,
          1784965898,
          1784965900,
          1784965902,
          1784965904,
          1784965906,
          1784965908,
          1784965910,
          1784965912,
          1784965914,
          1784965916,
          1784965918,
          1784965920,
          1784965922,
          1784965924,
          1784965926,
          1784965928,
          1784965930,
          1784965932,
          1784965934,
          1784965936,
          1784965938,
          1784965940,
          1784965942,
          1784965944,
          1784965946,
          1784965948,
          1784965950,
          1784965952,
          1784965954,
          1784965956,
          1784965958,
          1784965960,
          1784965962,
          1784965964,
          1784965966,
          1784965968,
          1784965970,
          1784965972,
          1784965974,
          1784965976,
          1784965978,
          1784965980,
          1784965982,
          1784965984,
          1784965986,
          1784965988,
          1784965990,
          1784965992,
          1784965994,
          1784965996,
          1784965998,
          1784966000,
          1784966002,
          1784966004,
          1784966006,
          1784966008,
          1784966010,
          1784966012,
          1784966014,
          1784966016,
          1784966018,
          1784966020,
          1784966022,
          1784966024,
          1784966026,
          1784966028,
          1784966030,
          1784966032,
          1784966034,
          1784966036,
          1784966038,
          1784966040,
          1784966042,
          1784966044,
          1784966046,
          1784966048,
          1784966050,
          1784966052,
          1784966054,
          1784966056,
          1784966058,
          1784966060,
          1784966062,
          1784966064,
          1784966066,
          1784966068,
          1784966070,
          1784966072,
          1784966074,
          1784966076,
          1784966078,
          1784966080,
          1784966082,
          1784966084,
          1784966086,
          1784966088,
          1784966090,
          1784966092,
          1784966094,
          1784966096,
          1784966098,
          1784966100,
          1784966102,
          1784966104,
          1784966106,
          1784966108,
          1784966110,
          1784966112,
          1784966114,
          1784966116,
          1784966118,
          1784966120,
          1784966122,
          1784966124,
          1784966126,
          1784966128,
          1784966130,
          1784966132,
          1784966134,
          1784966136,
          1784966138,
          1784966140,
          1784966142,
          1784966144,
          1784966146,
          1784966148,
          1784966150,
          1784966152,
          1784966154,
          1784966156,
          1784966158,
          1784966160,
          1784966162,
          1784966164,
          1784966166,
          1784966168,
          1784966170,
          1784966172,
          1784966174,
          1784966176,
          1784966178,
          1784966180,
          1784966182,
          1784966184,
          1784966186,
          1784966188,
          1784966190,
          1784966192,
          1784966194,
          1784966196,
          1784966198,
          1784966200,
          1784966202,
          1784966204,
          1784966206,
          1784966208,
          1784966210,
          1784966212,
          1784966214,
          1784966216,
          1784966218,
          1784966220,
          1784966222,
          1784966224,
          1784966226,
          1784966228,
          1784966230,
          1784966232,
          1784966234,
          1784966236,
          1784966238,
          1784966240,
          1784966242,
          1784966244,
          1784966246,
          1784966248,
          1784966250,
          1784966252,
          1784966254,
          1784966256,
          1784966258,
          1784966260,
          1784966262,
          1784966264,
          1784966266,
          1784966268,
          1784966270,
          1784966272,
          1784966274,
          1784966276,
          1784966278,
          1784966280,
          1784966282,
          1784966284,
          1784966286,
          1784966288,
          1784966290,
          1784966292,
          1784966294,
          1784966296,
          1784966298,
          1784966300,
          1784966302,
          1784966304,
          1784966306,
          1784966308,
          1784966310,
          1784966312,
          1784966314,
          1784966316,
          1784966318,
          1784966320,
          1784966322,
          1784966324,
          1784966326,
          1784966328,
          1784966330,
          1784966332,
          1784966334,
          1784966336,
          1784966338,
          1784966340,
          1784966342,
          1784966344,
          1784966346,
          1784966348,
          1784966350,
          1784966352,
          1784966354,
          1784966356,
          1784966358,
          1784966360,
          1784966362,
          1784966364,
          1784966366,
          1784966368,
          1784966370,
          1784966372,
          1784966374,
          1784966376,
          1784966378,
          1784966380,
          1784966382,
          1784966384,
          1784966386,
          1784966388,
          1784966390,
          1784966392,
          1784966394,
          1784966396,
          1784966398,
          1784966400,
          1784966402,
          1784966404,
          1784966406,
          1784966408,
          1784966410,
          1784966412,
          1784966414,
          1784966416,
          1784966418,
          1784966420,
          1784966422,
          1784966424,
          1784966426,
          1784966428,
          1784966430,
          1784966432,
          1784966434,
          1784966436,
          1784966438,
          1784966440,
          1784966442,
          1784966444,
          1784966446,
          1784966448,
          1784966450,
          1784966452,
          1784966454,
          1784966456,
          1784966458,
          1784966460,
          1784966462,
          1784966464,
          1784966466,
          1784966468,
          1784966470,
          1784966472,
          1784966474,
          1784966476,
          1784966478,
          1784966480,
          1784966482,
          1784966484,
          1784966486,
          1784966488,
          1784966490,
          1784966492,
          1784966494,
          1784966496,
          1784966498,
          1784966500,
          1784966502,
          1784966504,
          1784966506,
          1784966508,
          1784966510,
          1784966512,
          1784966514,
          1784966516,
          1784966518,
          1784966520,
          1784966522,
          1784966524,
          1784966526,
          1784966528,
          1784966530,
          1784966532,
          1784966534,
          1784966536,
          1784966538,
          1784966540,
          1784966542,
          1784966544,
          1784966546,
          1784966548,
          1784966550,
          1784966552,
          1784966554,
          1784966556,
          1784966558,
          1784966560,
          1784966562,
          1784966564,
          1784966566,
          1784966568,
          1784966570,
          1784966572,
          1784966574,
          1784966576,
          1784966578,
          1784966580,
          1784966582,
          1784966584,
          1784966586,
          1784966588,
          1784966590,
          1784966592,
          1784966594,
          1784966596,
          1784966598,
          1784966600,
          1784966602,
          1784966604,
          1784966606,
          1784966608,
          1784966610,
          1784966612,
          1784966614,
          1784966616,
          1784966618,
          1784966620,
          1784966622,
          1784966624,
          1784966626,
          1784966628,
          1784966630,
          1784966632,
          1784966634,
          1784966636,
          1784966638,
          1784966640,
          1784966642,
          1784966644,
          1784966646,
          1784966648,
          1784966650,
          1784966652,
          1784966654,
          1784966656,
          1784966658,
          1784966660,
          1784966662,
          1784966664,
          1784966666,
          1784966668,
          1784966670,
          1784966672,
          1784966674,
          1784966676,
          1784966678,
          1784966680,
          1784966682,
          1784966684,
          1784966686,
          1784966688,
          1784966690,
          1784966692,
          1784966694,
          1784966696,
          1784966698,
          1784966700,
          1784966702,
          1784966704,
          1784966706,
          1784966708,
          1784966710,
          1784966712,
          1784966714,
          1784966716,
          1784966718,
          1784966720,
          1784966722,
          1784966724,
          1784966726,
          1784966728,
          1784966730,
          1784966732,
          1784966734,
          1784966736,
          1784966738,
          1784966740,
          1784966742,
          1784966744,
          1784966746,
          1784966748,
          1784966750,
          1784966752,
          1784966754,
          1784966756,
          1784966758,
          1784966760,
          1784966762,
          1784966764,
          1784966766,
          1784966768,
          1784966770,
          1784966772,
          1784966774,
          1784966776,
          1784966778,
          1784966780,
          1784966782,
          1784966784,
          1784966786,
          1784966788,
          1784966790,
          1784966792,
          1784966794,
          1784966796,
          1784966798,
          1784966800,
          1784966802,
          1784966804,
          1784966806,
          1784966808,
          1784966810,
          1784966812,
          1784966814,
          1784966816,
          1784966818,
          1784966820,
          1784966822,
          1784966824,
          1784966826,
          1784966828,
          1784966830,
          1784966832,
          1784966834,
          1784966836,
          1784966838,
          1784966840,
          1784966842,
          1784966844,
          1784966846,
          1784966848,
          1784966850,
          1784966852,
          1784966854,
          1784966856,
          1784966858,
          1784966860,
          1784966862,
          1784966864,
          1784966866,
          1784966868,
          1784966870,
          1784966872,
          1784966874,
          1784966876,
          1784966878,
          1784966880,
          1784966882,
          1784966884,
          1784966886,
          1784966888,
          1784966890,
          1784966892,
          1784966894,
          1784966896,
          1784966898,
          1784966900,
          1784966902,
          1784966904,
          1784966906,
          1784966908,
          1784966910,
          1784966912,
          1784966914,
          1784966916,
          1784966918,
          1784966920,
          1784966922,
          1784966924,
          1784966926,
          1784966928,
          1784966930,
          1784966932,
          1784966934,
          1784966936,
          1784966938,
          1784966940,
          1784966942,
          1784966944,
          1784966946,
          1784966948,
          1784966950,
          1784966952,
          1784966954,
          1784966956,
          1784966958,
          1784966960,
          1784966962,
          1784966964,
          1784966966,
          1784966968,
          1784966970,
          1784966972,
          1784966974,
          1784966976,
          1784966978,
          1784966980,
          1784966982,
          1784966984,
          1784966986,
          1784966988,
          1784966990,
          1784966992,
          1784966994,
          1784966996,
          1784966998,
          1784967000,
          1784967002,
          1784967004,
          1784967006,
          1784967008,
          1784967010,
          1784967012,
          1784967014,
          1784967016,
          1784967018,
          1784967020,
          1784967022,
          1784967024,
          1784967026,
          1784967028,
          1784967030,
          1784967032,
          1784967034,
          1784967036,
          1784967038,
          1784967040,
          1784967042,
          1784967044,
          1784967046,
          1784967048,
          1784967050,
          1784967052,
          1784967054,
          1784967056,
          1784967058,
          1784967060,
          1784967062,
          1784967064,
          1784967066,
          1784967068,
          1784967070,
          1784967072,
          1784967074,
          1784967076,
          1784967078,
          1784967080,
          1784967082,
          1784967084,
          1784967086,
          1784967088,
          1784967090,
          1784967092,
          1784967094,
          1784967096,
          1784967098,
          1784967100,
          1784967102,
          1784967104,
          1784967106,
          1784967108,
          1784967110,
          1784967112,
          1784967114,
          1784967116,
          1784967118,
          1784967120,
          1784967122,
          1784967124,
          1784967126,
          1784967128,
          1784967130,
          1784967132,
          1784967134,
          1784967136,
          1784967138,
          1784967140,
          1784967142,
          1784967144,
          1784967146,
          1784967148,
          1784967150,
          1784967152,
          1784967154,
          1784967156,
          1784967158,
          1784967160,
          1784967162,
          1784967164,
          1784967166,
          1784967168,
          1784967170,
          1784967172,
          1784967174,
          1784967176,
          1784967178,
          1784967180,
          1784967182,
          1784967184,
          1784967186,
          1784967188,
          1784967190,
          1784967192,
          1784967194,
          1784967196,
          1784967198,
          1784967200,
          1784967202,
          1784967204,
          1784967206,
          1784967208,
          1784967210,
          1784967212,
          1784967214,
          1784967216,
          1784967218,
          1784967220,
          1784967222,
          1784967224,
          1784967226,
          1784967228,
          1784967230,
          1784967232,
          1784967234,
          1784967236,
          1784967238,
          1784967240,
          1784967242,
          1784967244,
          1784967246,
          1784967248,
          1784967250,
          1784967252,
          1784967254,
          1784967256,
          1784967258,
          1784967260,
          1784967262,
          1784967264,
          1784967266,
          1784967268,
          1784967270,
          1784967272,
          1784967274,
          1784967276,
          1784967278,
          1784967280,
          1784967282,
          1784967284,
          1784967286,
          1784967288,
          1784967290,
          1784967292,
          1784967294,
          1784967296,
          1784967298,
          1784967300,
          1784967302,
          1784967304,
          1784967306,
          1784967308,
          1784967310,
          1784967312,
          1784967314,
          1784967316,
          1784967318,
          1784967320,
          1784967322,
          1784967324,
          1784967326,
          1784967328,
          1784967330,
          1784967332,
          1784967334,
          1784967336,
          1784967338,
          1784967340,
          1784967342,
          1784967344,
          1784967346,
          1784967348,
          1784967350,
          1784967352,
          1784967354,
          1784967356,
          1784967358,
          1784967360,
          1784967362,
          1784967364,
          1784967366,
          1784967368,
          1784967370,
          1784967372,
          1784967374,
          1784967376,
          1784967378,
          1784967380,
          1784967382,
          1784967384,
          1784967386,
          1784967388,
          1784967390,
          1784967392,
          1784967394,
          1784967396,
          1784967398,
          1784967400,
          1784967402,
          1784967404,
          1784967406,
          1784967408,
          1784967410,
          1784967412,
          1784967414,
          1784967416,
          1784967418,
          1784967420,
          1784967422,
          1784967424,
          1784967426,
          1784967428,
          1784967430,
          1784967432,
          1784967434,
          1784967436,
          1784967438,
          1784967440,
          1784967442,
          1784967444,
          1784967446,
          1784967448,
          1784967450,
          1784967452,
          1784967454,
          1784967456,
          1784967458,
          1784967460,
          1784967462,
          1784967464,
          1784967466,
          1784967468,
          1784967470,
          1784967472,
          1784967474,
          1784967476,
          1784967478,
          1784967480,
          1784967482,
          1784967484,
          1784967486,
          1784967488,
          1784967490,
          1784967492,
          1784967494,
          1784967496,
          1784967498,
          1784967500,
          1784967502,
          1784967504,
          1784967506,
          1784967508,
          1784967510,
          1784967512,
          1784967514,
          1784967516,
          1784967518,
          1784967520,
          1784967522,
          1784967524,
          1784967526,
          1784967528,
          1784967530,
          1784967532,
          1784967534,
          1784967536,
          1784967538,
          1784967540,
          1784967542,
          1784967544,
          1784967546,
          1784967548,
          1784967550,
          1784967552,
          1784967554,
          1784967556,
          1784967558,
          1784967560,
          1784967562,
          1784967564,
          1784967566,
          1784967568,
          1784967570,
          1784967572,
          1784967574,
          1784967576,
          1784967578,
          1784967580,
          1784967582,
          1784967584,
          1784967586,
          1784967588,
          1784967590,
          1784967592,
          1784967594,
          1784967596,
          1784967598,
          1784967600,
          1784967602,
          1784967604,
          1784967606,
          1784967608,
          1784967610,
          1784967612,
          1784967614,
          1784967616,
          1784967618,
          1784967620,
          1784967622,
          1784967624,
          1784967626,
          1784967628,
          1784967630,
          1784967632,
          1784967634,
          1784967636,
          1784967638,
          1784967640,
          1784967642,
          1784967644,
          1784967646,
          1784967648,
          1784967650,
          1784967652,
          1784967654,
          1784967656,
          1784967658,
          1784967660,
          1784967662,
          1784967664,
          1784967666,
          1784967668,
          1784967670,
          1784967672,
          1784967674,
          1784967676,
          1784967678,
          1784967680,
          1784967682,
          1784967684,
          1784967686,
          1784967688,
          1784967690,
          1784967692,
          1784967694,
          1784967696,
          1784967698,
          1784967700,
          1784967702,
          1784967704,
          1784967706,
          1784967708,
          1784967710,
          1784967712,
          1784967714,
          1784967716,
          1784967718,
          1784967720,
          1784967722,
          1784967724,
          1784967726,
          1784967728,
          1784967730,
          1784967732,
          1784967734,
          1784967736,
          1784967738,
          1784967740,
          1784967742,
          1784967744,
          1784967746,
          1784967748,
          1784967750,
          1784967752,
          1784967754,
          1784967756,
          1784967758,
          1784967760,
          1784967762,
          1784967764,
          1784967766,
          1784967768,
          1784967770,
          1784967772,
          1784967774,
          1784967776,
          1784967778,
          1784967780,
          1784967782,
          1784967784,
          1784967786,
          1784967788,
          1784967790,
          1784967792,
          1784967794,
          1784967796,
          1784967798,
          1784967800,
          1784967802,
          1784967804,
          1784967806,
          1784967808,
          1784967810,
          1784967812,
          1784967814,
          1784967816,
          1784967818,
          1784967820,
          1784967822,
          1784967824,
          1784967826,
          1784967828,
          1784967830,
          1784967832,
          1784967834,
          1784967836,
          1784967838,
          1784967840,
          1784967842,
          1784967844,
          1784967846,
          1784967848,
          1784967850,
          1784967852,
          1784967854,
          1784967856,
          1784967858,
          1784967860,
          1784967862,
          1784967864,
          1784967866,
          1784967868,
          1784967870,
          1784967872,
          1784967874,
          1784967876,
          1784967878,
          1784967880,
          1784967882,
          1784967884,
          1784967886,
          1784967888,
          1784967890,
          1784967892,
          1784967894,
          1784967896,
          1784967898,
          1784967900,
          1784967902,
          1784967904,
          1784967906,
          1784967908,
          1784967910,
          1784967912,
          1784967914,
          1784967916,
          1784967918,
          1784967920,
          1784967922,
          1784967924,
          1784967926,
          1784967928,
          1784967930,
          1784967932,
          1784967934,
          1784967936,
          1784967938,
          1784967940,
          1784967942,
          1784967944,
          1784967946,
          1784967948,
          1784967950,
          1784967952,
          1784967954,
          1784967956,
          1784967958,
          1784967960,
          1784967962,
          1784967964,
          1784967966,
          1784967968,
          1784967970,
          1784967972,
          1784967974,
          1784967976,
          1784967978,
          1784967980,
          1784967982,
          1784967984,
          1784967986,
          1784967988,
          1784967990,
          1784967992,
          1784967994,
          1784967996,
          1784967998,
          1784968000,
          1784968002,
          1784968004,
          1784968006,
          1784968008,
          1784968010,
          1784968012,
          1784968014,
          1784968016,
          1784968018,
          1784968020,
          1784968022,
          1784968024,
          1784968026,
          1784968028,
          1784968030,
          1784968032,
          1784968034,
          1784968036,
          1784968038,
          1784968040,
          1784968042,
          1784968044,
          1784968046,
          1784968048,
          1784968050,
          1784968052,
          1784968054,
          1784968056,
          1784968058,
          1784968060,
          1784968062,
          1784968064,
          1784968066,
          1784968068,
          1784968070,
          1784968072,
          1784968074,
          1784968076,
          1784968078,
          1784968080,
          1784968082,
          1784968084,
          1784968086,
          1784968088,
          1784968090,
          1784968092,
          1784968094,
          1784968096,
          1784968098,
          1784968100,
          1784968102,
          1784968104,
          1784968106,
          1784968108,
          1784968110,
          1784968112,
          1784968114,
          1784968116,
          1784968118,
          1784968120,
          1784968122,
          1784968124,
          1784968126,
          1784968128,
          1784968130,
          1784968132,
          1784968134,
          1784968136,
          1784968138,
          1784968140,
          1784968142,
          1784968144,
          1784968146,
          1784968148,
          1784968149,
          1784968151,
          1784968153,
          1784968155,
          1784968157,
          1784968159,
          1784968161,
          1784968163,
          1784968165,
          1784968167,
          1784968169,
          1784968171,
          1784968173,
          1784968175,
          1784968177,
          1784968179,
          1784968181,
          1784968183,
          1784968185,
          1784968187,
          1784968189,
          1784968191,
          1784968193,
          1784968195,
          1784968197,
          1784968199,
          1784968201,
          1784968203,
          1784968205,
          1784968207,
          1784968209,
          1784968211,
          1784968213,
          1784968215,
          1784968217,
          1784968219,
          1784968221,
          1784968223,
          1784968225,
          1784968227,
          1784968229,
          1784968231,
          1784968233,
          1784968235,
          1784968237,
          1784968239,
          1784968241,
          1784968243,
          1784968245,
          1784968247,
          1784968249,
          1784968251,
          1784968253,
          1784968255,
          1784968257,
          1784968259,
          1784968261,
          1784968263,
          1784968265,
          1784968267,
          1784968269,
          1784968271,
          1784968273,
          1784968275,
          1784968277,
          1784968279,
          1784968281,
          1784968283,
          1784968285,
          1784968287,
          1784968289,
          1784968291,
          1784968293,
          1784968295,
          1784968297,
          1784968299,
          1784968301,
          1784968303,
          1784968305,
          1784968307,
          1784968309,
          1784968311,
          1784968313,
          1784968315,
          1784968317,
          1784968319,
          1784968321,
          1784968323,
          1784968325,
          1784968327,
          1784968329,
          1784968331,
          1784968333,
          1784968335,
          1784968337,
          1784968339,
          1784968341,
          1784968343,
          1784968345,
          1784968347,
          1784968349,
          1784968351,
          1784968353,
          1784968355,
          1784968357,
          1784968359,
          1784968361,
          1784968363,
          1784968365,
          1784968367,
          1784968369,
          1784968371,
          1784968373,
          1784968375,
          1784968377,
          1784968379,
          1784968381,
          1784968383,
          1784968385,
          1784968387,
          1784968389,
          1784968391,
          1784968393,
          1784968395,
          1784968397,
          1784968399,
          1784968401,
          1784968403,
          1784968405,
          1784968407,
          1784968409,
          1784968411,
          1784968413,
          1784968415,
          1784968417,
          1784968419,
          1784968421,
          1784968423,
          1784968425,
          1784968427,
          1784968429,
          1784968431,
          1784968433,
          1784968435,
          1784968437,
          1784968439,
          1784968441,
          1784968443,
          1784968445,
          1784968447,
          1784968449,
          1784968451,
          1784968453,
          1784968455,
          1784968457,
          1784968459,
          1784968461,
          1784968463,
          1784968465,
          1784968467,
          1784968469,
          1784968471,
          1784968473,
          1784968475,
          1784968477,
          1784968479,
          1784968481,
          1784968483,
          1784968485,
          1784968487,
          1784968489,
          1784968491,
          1784968493,
          1784968495,
          1784968497,
          1784968499,
          1784968501,
          1784968503
        ]
      }
    }
  ]
}